Installation No,OWEC,Tower Installation Start,Tower Installation End,Nacelle Installation Start,Nacelle Installation End,Blade Number,Blade Installation Attempt,Blade Installation Start,Blade Installation End,Blade Installation Status,Blade Installation Comment
1.0,BW 72,2019-08-02 08:50:00,2019-08-02 14:30:00,2019-08-02 16:15:00,2019-08-02 20:00:00,Blade 1,1.0,2019-08-03 09:00:00,2019-08-03 18:00:00,unsuccessful,Installation of first Blade. Failed due to relative motions between blade and nacelle.
1.0,BW 72,2019-08-02 08:50:00,2019-08-02 14:30:00,2019-08-02 16:15:00,2019-08-02 20:00:00,Blade 1,2.0,2019-08-05 06:00:00,2019-08-05 12:00:00,successful,
1.0,BW 72,2019-08-02 08:50:00,2019-08-02 14:30:00,2019-08-02 16:15:00,2019-08-02 20:00:00,Blade 1,3.0,,,,
1.0,BW 72,2019-08-02 08:50:00,2019-08-02 14:30:00,2019-08-02 16:15:00,2019-08-02 20:00:00,Blade 2,1.0,2019-08-09 02:00:00,2019-08-09 06:00:00,unsuccessful,Installation of second Blade. Failed due to relative motions between blade and nacelle.
1.0,BW 72,2019-08-02 08:50:00,2019-08-02 14:30:00,2019-08-02 16:15:00,2019-08-02 20:00:00,Blade 2,2.0,2019-08-09 06:30:00,2019-08-09 10:00:00,successful,
1.0,BW 72,2019-08-02 08:50:00,2019-08-02 14:30:00,2019-08-02 16:15:00,2019-08-02 20:00:00,Blade 2,3.0,,,,
1.0,BW 72,2019-08-02 08:50:00,2019-08-02 14:30:00,2019-08-02 16:15:00,2019-08-02 20:00:00,Blade 3,1.0,2019-08-13 01:00:00,2019-08-13 03:00:00,successful,
1.0,BW 72,2019-08-02 08:50:00,2019-08-02 14:30:00,2019-08-02 16:15:00,2019-08-02 20:00:00,Blade 3,2.0,,,,
1.0,BW 72,2019-08-02 08:50:00,2019-08-02 14:30:00,2019-08-02 16:15:00,2019-08-02 20:00:00,Blade 3,3.0,,,,
2.0,BW 75,2019-08-16 07:30:00,2019-08-16 10:30:00,2019-08-20 07:15:00,2019-08-20 09:15:00,Blade 1,1.0,2019-08-21 18:00:00,2019-08-22 01:30:00,successful,Big relative motions observed.
2.0,BW 75,2019-08-16 07:30:00,2019-08-16 10:30:00,2019-08-20 07:15:00,2019-08-20 09:15:00,Blade 1,2.0,,,,
2.0,BW 75,2019-08-16 07:30:00,2019-08-16 10:30:00,2019-08-20 07:15:00,2019-08-20 09:15:00,Blade 1,3.0,,,,
2.0,BW 75,2019-08-16 07:30:00,2019-08-16 10:30:00,2019-08-20 07:15:00,2019-08-20 09:15:00,Blade 2,1.0,2019-08-23 08:30:00,2019-08-23 10:30:00,unsuccessful,
2.0,BW 75,2019-08-16 07:30:00,2019-08-16 10:30:00,2019-08-20 07:15:00,2019-08-20 09:15:00,Blade 2,2.0,2019-08-23 13:00:00,2019-08-23 15:30:00,successful,
2.0,BW 75,2019-08-16 07:30:00,2019-08-16 10:30:00,2019-08-20 07:15:00,2019-08-20 09:15:00,Blade 2,3.0,,,,
2.0,BW 75,2019-08-16 07:30:00,2019-08-16 10:30:00,2019-08-20 07:15:00,2019-08-20 09:15:00,Blade 3,1.0,2019-08-23 18:00:00,2019-08-24 02:00:00,successful,
2.0,BW 75,2019-08-16 07:30:00,2019-08-16 10:30:00,2019-08-20 07:15:00,2019-08-20 09:15:00,Blade 3,2.0,,,,
2.0,BW 75,2019-08-16 07:30:00,2019-08-16 10:30:00,2019-08-20 07:15:00,2019-08-20 09:15:00,Blade 3,3.0,,,,
3.0,BW 78,2019-08-25 03:00:00,2019-08-25 05:00:00,2019-08-25 09:00:00,2019-08-25 11:30:00,Blade 1,1.0,2019-08-25 18:00:00,2019-08-26 02:00:00,successful,using of wrong guiding pin has delayed blade installation of 1st blade
3.0,BW 78,2019-08-25 03:00:00,2019-08-25 05:00:00,2019-08-25 09:00:00,2019-08-25 11:30:00,Blade 1,2.0,,,,
3.0,BW 78,2019-08-25 03:00:00,2019-08-25 05:00:00,2019-08-25 09:00:00,2019-08-25 11:30:00,Blade 1,3.0,,,,
3.0,BW 78,2019-08-25 03:00:00,2019-08-25 05:00:00,2019-08-25 09:00:00,2019-08-25 11:30:00,Blade 2,1.0,2019-08-26 05:15:00,2019-08-26 12:00:00,successful,
3.0,BW 78,2019-08-25 03:00:00,2019-08-25 05:00:00,2019-08-25 09:00:00,2019-08-25 11:30:00,Blade 2,2.0,,,,
3.0,BW 78,2019-08-25 03:00:00,2019-08-25 05:00:00,2019-08-25 09:00:00,2019-08-25 11:30:00,Blade 2,3.0,,,,
3.0,BW 78,2019-08-25 03:00:00,2019-08-25 05:00:00,2019-08-25 09:00:00,2019-08-25 11:30:00,Blade 3,1.0,2019-08-26 15:15:00,2019-08-26 16:30:00,successful,
3.0,BW 78,2019-08-25 03:00:00,2019-08-25 05:00:00,2019-08-25 09:00:00,2019-08-25 11:30:00,Blade 3,2.0,,,,
3.0,BW 78,2019-08-25 03:00:00,2019-08-25 05:00:00,2019-08-25 09:00:00,2019-08-25 11:30:00,Blade 3,3.0,,,,
4.0,BW 77,2019-08-31 19:45:00,2019-08-31 22:00:00,2019-09-01 02:00:00,2019-09-01 04:30:00,Blade 1,1.0,2019-09-07 09:00:00,2019-09-07 14:30:00,successful,9:35 1st blade close to hub - 9:50 slewing blade away from hub because of bad weather conditions occured
4.0,BW 77,2019-08-31 19:45:00,2019-08-31 22:00:00,2019-09-01 02:00:00,2019-09-01 04:30:00,Blade 1,2.0,,,,10:10 continuing with installation of 1st blade - 10:40 1st blade pinned in - 14:30 SBIT removed off blade
4.0,BW 77,2019-08-31 19:45:00,2019-08-31 22:00:00,2019-09-01 02:00:00,2019-09-01 04:30:00,Blade 1,3.0,,,,
4.0,BW 77,2019-08-31 19:45:00,2019-08-31 22:00:00,2019-09-01 02:00:00,2019-09-01 04:30:00,Blade 2,1.0,2019-09-08 06:30:00,2019-09-08 23:35:00,successful,"07:30 blade out from rack - 8:10 blade lift in front of nacelle, oscillating tower - 12:30 support from OSV blocking the "
4.0,BW 77,2019-08-31 19:45:00,2019-08-31 22:00:00,2019-09-01 02:00:00,2019-09-01 04:30:00,Blade 2,2.0,,,,waves - 14:00 OSV out from location BW77 - 16:30 tower still oscillating - 20:45 partial tighten blade bolts 
4.0,BW 77,2019-08-31 19:45:00,2019-08-31 22:00:00,2019-09-01 02:00:00,2019-09-01 04:30:00,Blade 2,3.0,,,,23:35 SBIT remove off blade
4.0,BW 77,2019-08-31 19:45:00,2019-08-31 22:00:00,2019-09-01 02:00:00,2019-09-01 04:30:00,Blade 3,1.0,2019-09-09 05:00:00,2019-09-09 09:00:00,successful,05:00 lifting blade up to end of blade rack and remain in that position due to shift change - 06:20 blade off from rack
4.0,BW 77,2019-08-31 19:45:00,2019-08-31 22:00:00,2019-09-01 02:00:00,2019-09-01 04:30:00,Blade 3,2.0,,,,07:00 blade pinned in - 09:00 SBIT removed off blade
4.0,BW 77,2019-08-31 19:45:00,2019-08-31 22:00:00,2019-09-01 02:00:00,2019-09-01 04:30:00,Blade 3,3.0,,,,
5.0,BW 76,2019-09-10 11:00:00,2019-09-10 13:30:00,2019-09-10 16:45:00,2019-09-10 21:00:00,Blade 1,1.0,2019-09-20 04:30:00,2019-09-20 09:17:00,successful,04:30 Start Lift out of the blade rack ; 09:17 SBIT off 1st blade and slewing back to blade rack
5.0,BW 76,2019-09-10 11:00:00,2019-09-10 13:30:00,2019-09-10 16:45:00,2019-09-10 21:00:00,Blade 1,2.0,,,,
5.0,BW 76,2019-09-10 11:00:00,2019-09-10 13:30:00,2019-09-10 16:45:00,2019-09-10 21:00:00,Blade 1,3.0,,,,
5.0,BW 76,2019-09-10 11:00:00,2019-09-10 13:30:00,2019-09-10 16:45:00,2019-09-10 21:00:00,Blade 2,1.0,2019-09-20 13:47:00,2019-09-20 14:50:00,successful,13:47 Start lift out of the blade rack; 14:50 SBIT off 2nd blade and slewing back to blade rack
5.0,BW 76,2019-09-10 11:00:00,2019-09-10 13:30:00,2019-09-10 16:45:00,2019-09-10 21:00:00,Blade 2,2.0,,,,
5.0,BW 76,2019-09-10 11:00:00,2019-09-10 13:30:00,2019-09-10 16:45:00,2019-09-10 21:00:00,Blade 2,3.0,,,,
5.0,BW 76,2019-09-10 11:00:00,2019-09-10 13:30:00,2019-09-10 16:45:00,2019-09-10 21:00:00,Blade 3,1.0,2019-09-20 18:10:00,2019-09-20 20:45:00,successful,18:10 Start lift out of the blade rack; 20:45 SBIT off 3rd blade and slewing back to blade rack
5.0,BW 76,2019-09-10 11:00:00,2019-09-10 13:30:00,2019-09-10 16:45:00,2019-09-10 21:00:00,Blade 3,2.0,,,,
5.0,BW 76,2019-09-10 11:00:00,2019-09-10 13:30:00,2019-09-10 16:45:00,2019-09-10 21:00:00,Blade 3,3.0,,,,
6.0,BW 70,2019-09-21 16:30:00,2019-09-21 19:00:00,2019-09-22 04:00:00,2019-09-22 06:30:00,Blade 1,1.0,2019-09-23 13:50:00,2019-09-23 14:23:00,successful,13:50 Lift Blade 1; 14:23 Blade landed
6.0,BW 70,2019-09-21 16:30:00,2019-09-21 19:00:00,2019-09-22 04:00:00,2019-09-22 06:30:00,Blade 1,2.0,,,,
6.0,BW 70,2019-09-21 16:30:00,2019-09-21 19:00:00,2019-09-22 04:00:00,2019-09-22 06:30:00,Blade 1,3.0,,,,
6.0,BW 70,2019-09-21 16:30:00,2019-09-21 19:00:00,2019-09-22 04:00:00,2019-09-22 06:30:00,Blade 2,1.0,2019-09-23 23:53:00,2019-09-24 02:10:00,successful,23:53 Lift Blade 2; 02:10 SBIT coming off
6.0,BW 70,2019-09-21 16:30:00,2019-09-21 19:00:00,2019-09-22 04:00:00,2019-09-22 06:30:00,Blade 2,2.0,,,,
6.0,BW 70,2019-09-21 16:30:00,2019-09-21 19:00:00,2019-09-22 04:00:00,2019-09-22 06:30:00,Blade 2,3.0,,,,
6.0,BW 70,2019-09-21 16:30:00,2019-09-21 19:00:00,2019-09-22 04:00:00,2019-09-22 06:30:00,Blade 3,1.0,2019-09-24 05:15:00,2019-09-24 07:43:00,unsuccessful,"05:15 SBIT on third blade; 07:43 commenced due too much oscillation, suspended to 13.15"
6.0,BW 70,2019-09-21 16:30:00,2019-09-21 19:00:00,2019-09-22 04:00:00,2019-09-22 06:30:00,Blade 3,2.0,2019-09-24 13:15:00,2019-09-24 15:15:00,successful,13:15 proceed blade installation; 15:15 SBIT coming off blade
6.0,BW 70,2019-09-21 16:30:00,2019-09-21 19:00:00,2019-09-22 04:00:00,2019-09-22 06:30:00,Blade 3,3.0,,,,five attempts made to install
7.0,BW 60,2019-09-14 01:05:00,2019-09-14 06:00:00,2019-09-14 07:00:00,2019-09-14 09:30:00,Blade 1,1.0,2019-09-25 13:45:00,2019-09-25 15:45:00,successful,1st blade pinned in at 14:20
7.0,BW 60,2019-09-14 01:05:00,2019-09-14 06:00:00,2019-09-14 07:00:00,2019-09-14 09:30:00,Blade 1,2.0,,,,
7.0,BW 60,2019-09-14 01:05:00,2019-09-14 06:00:00,2019-09-14 07:00:00,2019-09-14 09:30:00,Blade 1,3.0,,,,
7.0,BW 60,2019-09-14 01:05:00,2019-09-14 06:00:00,2019-09-14 07:00:00,2019-09-14 09:30:00,Blade 2,1.0,2019-09-25 20:00:00,2019-09-25 23:00:00,successful,
7.0,BW 60,2019-09-14 01:05:00,2019-09-14 06:00:00,2019-09-14 07:00:00,2019-09-14 09:30:00,Blade 2,2.0,,,,
7.0,BW 60,2019-09-14 01:05:00,2019-09-14 06:00:00,2019-09-14 07:00:00,2019-09-14 09:30:00,Blade 2,3.0,,,,
7.0,BW 60,2019-09-14 01:05:00,2019-09-14 06:00:00,2019-09-14 07:00:00,2019-09-14 09:30:00,Blade 3,1.0,2019-09-26 02:30:00,2019-09-26 03:45:00,successful,
7.0,BW 60,2019-09-14 01:05:00,2019-09-14 06:00:00,2019-09-14 07:00:00,2019-09-14 09:30:00,Blade 3,2.0,,,,
7.0,BW 60,2019-09-14 01:05:00,2019-09-14 06:00:00,2019-09-14 07:00:00,2019-09-14 09:30:00,Blade 3,3.0,,,,
8.0,BW 57,2019-10-13 09:30:00,2019-10-13 13:30:00,2019-10-14 08:00:00,2019-10-14 11:00:00,Blade 1,1.0,2019-10-14 13:50:00,2019-10-14 17:00:00,unsuccessful,"13:50 Start Blade lift; 17:00 Blade landed back in rack; 7 attempts, commecend due too much oscillation"
8.0,BW 57,2019-10-13 09:30:00,2019-10-13 13:30:00,2019-10-14 08:00:00,2019-10-14 11:00:00,Blade 1,2.0,2019-10-15 08:00:00,2019-10-15 09:30:00,successful,
8.0,BW 57,2019-10-13 09:30:00,2019-10-13 13:30:00,2019-10-14 08:00:00,2019-10-14 11:00:00,Blade 1,3.0,,,,
8.0,BW 57,2019-10-13 09:30:00,2019-10-13 13:30:00,2019-10-14 08:00:00,2019-10-14 11:00:00,Blade 2,1.0,2019-10-15 12:30:00,2019-10-15 14:00:00,unsuccessful,
8.0,BW 57,2019-10-13 09:30:00,2019-10-13 13:30:00,2019-10-14 08:00:00,2019-10-14 11:00:00,Blade 2,2.0,2019-10-15 16:00:00,2019-10-15 17:00:00,successful,
8.0,BW 57,2019-10-13 09:30:00,2019-10-13 13:30:00,2019-10-14 08:00:00,2019-10-14 11:00:00,Blade 2,3.0,,,,
8.0,BW 57,2019-10-13 09:30:00,2019-10-13 13:30:00,2019-10-14 08:00:00,2019-10-14 11:00:00,Blade 3,1.0,2019-10-15 21:45:00,2019-10-16 00:00:00,unsuccessful,3rd blade installation not possible due to high tower + SBIT movements (oscillation)
8.0,BW 57,2019-10-13 09:30:00,2019-10-13 13:30:00,2019-10-14 08:00:00,2019-10-14 11:00:00,Blade 3,2.0,2019-10-16 00:00:00,2019-10-16 03:15:00,successful,
8.0,BW 57,2019-10-13 09:30:00,2019-10-13 13:30:00,2019-10-14 08:00:00,2019-10-14 11:00:00,Blade 3,3.0,,,,
9.0,BW 74,2019-10-04 04:40:00,2019-10-04 07:00:00,2019-10-04 14:00:00,2019-10-04 16:30:00,Blade 1,1.0,2019-10-17 08:30:00,2019-10-17 10:45:00,successful,1st blade pinned in at 9:20
9.0,BW 74,2019-10-04 04:40:00,2019-10-04 07:00:00,2019-10-04 14:00:00,2019-10-04 16:30:00,Blade 1,2.0,,,,
9.0,BW 74,2019-10-04 04:40:00,2019-10-04 07:00:00,2019-10-04 14:00:00,2019-10-04 16:30:00,Blade 1,3.0,,,,
9.0,BW 74,2019-10-04 04:40:00,2019-10-04 07:00:00,2019-10-04 14:00:00,2019-10-04 16:30:00,Blade 2,1.0,2019-10-17 14:45:00,2019-10-17 17:45:00,successful,2nd blade pinned in at 16:45
9.0,BW 74,2019-10-04 04:40:00,2019-10-04 07:00:00,2019-10-04 14:00:00,2019-10-04 16:30:00,Blade 2,2.0,,,,
9.0,BW 74,2019-10-04 04:40:00,2019-10-04 07:00:00,2019-10-04 14:00:00,2019-10-04 16:30:00,Blade 2,3.0,,,,
9.0,BW 74,2019-10-04 04:40:00,2019-10-04 07:00:00,2019-10-04 14:00:00,2019-10-04 16:30:00,Blade 3,1.0,2019-10-17 21:30:00,2019-10-18 02:30:00,unsuccessful,installation of 3rd blade was not possible due to oscillation of tower; several attempts were taken 
9.0,BW 74,2019-10-04 04:40:00,2019-10-04 07:00:00,2019-10-04 14:00:00,2019-10-04 16:30:00,Blade 3,2.0,2019-10-22 06:00:00,2019-10-22 13:00:00,successful,
9.0,BW 74,2019-10-04 04:40:00,2019-10-04 07:00:00,2019-10-04 14:00:00,2019-10-04 16:30:00,Blade 3,3.0,,,,
10.0,BW 71,2019-10-23 08:30:00,2019-10-23 10:40:00,2019-10-23 12:15:00,2019-10-23 16:00:00,Blade 1,1.0,2019-10-23 21:30:00,2019-10-24 00:00:00,successful,
10.0,BW 71,2019-10-23 08:30:00,2019-10-23 10:40:00,2019-10-23 12:15:00,2019-10-23 16:00:00,Blade 1,2.0,,,,
10.0,BW 71,2019-10-23 08:30:00,2019-10-23 10:40:00,2019-10-23 12:15:00,2019-10-23 16:00:00,Blade 1,3.0,,,,
10.0,BW 71,2019-10-23 08:30:00,2019-10-23 10:40:00,2019-10-23 12:15:00,2019-10-23 16:00:00,Blade 2,1.0,2019-10-24 02:30:00,2019-10-24 04:00:00,successful,
10.0,BW 71,2019-10-23 08:30:00,2019-10-23 10:40:00,2019-10-23 12:15:00,2019-10-23 16:00:00,Blade 2,2.0,,,,
10.0,BW 71,2019-10-23 08:30:00,2019-10-23 10:40:00,2019-10-23 12:15:00,2019-10-23 16:00:00,Blade 2,3.0,,,,
10.0,BW 71,2019-10-23 08:30:00,2019-10-23 10:40:00,2019-10-23 12:15:00,2019-10-23 16:00:00,Blade 3,1.0,2019-10-24 10:25:00,2019-10-24 13:00:00,successful,
10.0,BW 71,2019-10-23 08:30:00,2019-10-23 10:40:00,2019-10-23 12:15:00,2019-10-23 16:00:00,Blade 3,2.0,,,,
10.0,BW 71,2019-10-23 08:30:00,2019-10-23 10:40:00,2019-10-23 12:15:00,2019-10-23 16:00:00,Blade 3,3.0,,,,
11.0,BW 59,2019-10-30 23:55:00,2019-10-31 15:00:00,2019-10-31 03:50:00,2019-10-31 06:50:00,Blade 1,1.0,2019-10-31 11:20:00,2019-10-31 13:45:00,successful,11:20 lift of 1st blade and free from rack - 12:20 blade is pinned into bearing access - 12:30 all blade bolts fully in
11.0,BW 59,2019-10-30 23:55:00,2019-10-31 15:00:00,2019-10-31 03:50:00,2019-10-31 06:50:00,Blade 1,2.0,,,,
11.0,BW 59,2019-10-30 23:55:00,2019-10-31 15:00:00,2019-10-31 03:50:00,2019-10-31 06:50:00,Blade 1,3.0,,,,
11.0,BW 59,2019-10-30 23:55:00,2019-10-31 15:00:00,2019-10-31 03:50:00,2019-10-31 06:50:00,Blade 2,1.0,2019-10-31 16:15:00,2019-10-31 19:45:00,successful,16:00 start of lift 2nd blade and free from rack - 16:30 blade out from rack - 17:00 blade pinned into bearing
11.0,BW 59,2019-10-30 23:55:00,2019-10-31 15:00:00,2019-10-31 03:50:00,2019-10-31 06:50:00,Blade 2,2.0,,,,17:05 blade studs fully in
11.0,BW 59,2019-10-30 23:55:00,2019-10-31 15:00:00,2019-10-31 03:50:00,2019-10-31 06:50:00,Blade 2,3.0,,,,
11.0,BW 59,2019-10-30 23:55:00,2019-10-31 15:00:00,2019-10-31 03:50:00,2019-10-31 06:50:00,Blade 3,1.0,2019-11-01 12:30:00,2019-11-01 13:30:00,unsuccessful,attempt of lifting and installing 3rd blade was cancelled due to tower oscillations and high winds
11.0,BW 59,2019-10-30 23:55:00,2019-10-31 15:00:00,2019-10-31 03:50:00,2019-10-31 06:50:00,Blade 3,2.0,2019-11-03 00:00:00,2019-11-03 00:00:00,unsuccessful,next attempt was cancelled due to oscillation tower
11.0,BW 59,2019-10-30 23:55:00,2019-10-31 15:00:00,2019-10-31 03:50:00,2019-10-31 06:50:00,Blade 3,3.0,2019-11-03 00:00:00,2019-11-03 00:00:00,unsuccessful,next attempt was cancelled due to oscillation tower and expected windspeed above crane max. - blade stored 
11.0,BW 59,2019-10-30 23:55:00,2019-10-31 15:00:00,2019-10-31 03:50:00,2019-10-31 06:50:00,Blade 3,,,,,back into rack
11.0,BW 59,2019-10-30 23:55:00,2019-10-31 15:00:00,2019-10-31 03:50:00,2019-10-31 06:50:00,Blade 3,4.0,2019-11-03 21:05:00,2019-11-03 23:15:00,successful,blade lift started at 21:05 and was pinned in at 22:05
12.0,BW 73,2019-11-04 19:15:00,2019-11-04 21:30:00,2019-11-04 22:35:00,2019-11-05 00:50:00,Blade 1,1.0,2019-11-05 05:00:00,2019-11-05 07:30:00,successful,blade pinned in at 06:00
12.0,BW 73,2019-11-04 19:15:00,2019-11-04 21:30:00,2019-11-04 22:35:00,2019-11-05 00:50:00,Blade 1,2.0,,,,
12.0,BW 73,2019-11-04 19:15:00,2019-11-04 21:30:00,2019-11-04 22:35:00,2019-11-05 00:50:00,Blade 1,3.0,,,,
12.0,BW 73,2019-11-04 19:15:00,2019-11-04 21:30:00,2019-11-04 22:35:00,2019-11-05 00:50:00,Blade 2,1.0,2019-11-06 21:00:00,2019-11-06 21:15:00,unsuccessful,slewed blade away from hub due to tower oscillations
12.0,BW 73,2019-11-04 19:15:00,2019-11-04 21:30:00,2019-11-04 22:35:00,2019-11-05 00:50:00,Blade 2,2.0,2019-11-06 21:15:00,2019-11-07 02:00:00,unsuccessful,"several attempts to install the blade, not possible due to tower oscillations"
12.0,BW 73,2019-11-04 19:15:00,2019-11-04 21:30:00,2019-11-04 22:35:00,2019-11-05 00:50:00,Blade 2,3.0,2019-11-07 02:00:00,2019-11-07 02:13:00,successful,blade RB-0068-1A landed
12.0,BW 73,2019-11-04 19:15:00,2019-11-04 21:30:00,2019-11-04 22:35:00,2019-11-05 00:50:00,Blade 3,1.0,2019-11-08 12:30:00,2019-11-08 13:21:00,unsuccessful,"several attempts to install the blade, not possible due to tower oscillations"
12.0,BW 73,2019-11-04 19:15:00,2019-11-04 21:30:00,2019-11-04 22:35:00,2019-11-05 00:50:00,Blade 3,2.0,2019-11-08 14:20:00,2019-11-08 16:00:00,successful,"blade pinned at 14:24, no issues"
12.0,BW 73,2019-11-04 19:15:00,2019-11-04 21:30:00,2019-11-04 22:35:00,2019-11-05 00:50:00,Blade 3,3.0,,,,
13.0,BW 68,2019-11-09 08:15:00,2019-11-09 10:30:00,2019-11-09 11:00:00,2019-11-09 14:45:00,Blade 1,1.0,2019-11-09 20:45:00,2019-11-10 00:30:00,unsuccessful,slewed blade away from hub due to tower oscillations
13.0,BW 68,2019-11-09 08:15:00,2019-11-09 10:30:00,2019-11-09 11:00:00,2019-11-09 14:45:00,Blade 1,2.0,2019-11-10 07:00:00,2019-11-10 07:30:00,unsuccessful,slewed blade away from hub due to tower oscillations
13.0,BW 68,2019-11-09 08:15:00,2019-11-09 10:30:00,2019-11-09 11:00:00,2019-11-09 14:45:00,Blade 1,3.0,2019-11-10 09:30:00,2019-11-10 09:37:00,unsuccessful,slewed blade away from hub due to tower oscillations
13.0,BW 68,2019-11-09 08:15:00,2019-11-09 10:30:00,2019-11-09 11:00:00,2019-11-09 14:45:00,Blade 1,4.0,2019-11-10 13:00:00,2019-11-10 13:15:00,unsuccessful,slewed blade away from hub due to tower oscillations
13.0,BW 68,2019-11-09 08:15:00,2019-11-09 10:30:00,2019-11-09 11:00:00,2019-11-09 14:45:00,Blade 1,5.0,2019-11-10 13:45:00,2019-11-10 14:30:00,successful,
13.0,BW 68,2019-11-09 08:15:00,2019-11-09 10:30:00,2019-11-09 11:00:00,2019-11-09 14:45:00,Blade 2,1.0,2019-11-10 17:15:00,2019-11-10 17:28:00,unsuccessful,slewed blade away from hub due to tower oscillations
13.0,BW 68,2019-11-09 08:15:00,2019-11-09 10:30:00,2019-11-09 11:00:00,2019-11-09 14:45:00,Blade 2,2.0,2019-11-10 18:30:00,2019-11-10 21:00:00,unsuccessful,slewed blade away from hub due to tower oscillations
13.0,BW 68,2019-11-09 08:15:00,2019-11-09 10:30:00,2019-11-09 11:00:00,2019-11-09 14:45:00,Blade 2,3.0,2019-11-16 00:00:00,2019-11-16 05:45:00,unsuccessful,slewed blade away from hub due to tower oscillations
13.0,BW 68,2019-11-09 08:15:00,2019-11-09 10:30:00,2019-11-09 11:00:00,2019-11-09 14:45:00,Blade 2,4.0,2019-11-16 06:15:00,2019-11-16 07:26:00,successful,"several attempts to install the blade, last attempt successful"
13.0,BW 68,2019-11-09 08:15:00,2019-11-09 10:30:00,2019-11-09 11:00:00,2019-11-09 14:45:00,Blade 3,1.0,2019-11-17 12:45:00,2019-11-17 12:56:00,unsuccessful,slewed blade away from hub due to tower oscillations
13.0,BW 68,2019-11-09 08:15:00,2019-11-09 10:30:00,2019-11-09 11:00:00,2019-11-09 14:45:00,Blade 3,2.0,2019-11-17 14:30:00,2019-11-17 14:45:00,unsuccessful,slewed blade away from hub due to tower oscillations
13.0,BW 68,2019-11-09 08:15:00,2019-11-09 10:30:00,2019-11-09 11:00:00,2019-11-09 14:45:00,Blade 3,3.0,2019-11-17 15:15:00,2019-11-17 17:00:00,successful,blade pinned at 15:30
14.0,BW 45,2019-11-22 09:30:00,2019-11-22 17:00:00,2019-11-24 16:00:00,2019-11-24 19:45:00,Blade 1,1.0,2019-11-24 22:00:00,2019-11-25 05:30:00,successful,"several attempts to install the blade, slewed blade away from hub in between due to tower oscillations, last "
14.0,BW 45,2019-11-22 09:30:00,2019-11-22 17:00:00,2019-11-24 16:00:00,2019-11-24 19:45:00,Blade 1,2.0,,,,"attempt successful, blade pinned in at 4:35"
14.0,BW 45,2019-11-22 09:30:00,2019-11-22 17:00:00,2019-11-24 16:00:00,2019-11-24 19:45:00,Blade 1,3.0,,,,
14.0,BW 45,2019-11-22 09:30:00,2019-11-22 17:00:00,2019-11-24 16:00:00,2019-11-24 19:45:00,Blade 2,1.0,2019-11-25 09:25:00,2019-11-25 11:50:00,successful,blade pinned in at 10:15
14.0,BW 45,2019-11-22 09:30:00,2019-11-22 17:00:00,2019-11-24 16:00:00,2019-11-24 19:45:00,Blade 2,2.0,,,,
14.0,BW 45,2019-11-22 09:30:00,2019-11-22 17:00:00,2019-11-24 16:00:00,2019-11-24 19:45:00,Blade 2,3.0,,,,
14.0,BW 45,2019-11-22 09:30:00,2019-11-22 17:00:00,2019-11-24 16:00:00,2019-11-24 19:45:00,Blade 3,1.0,2019-11-25 14:50:00,2019-11-25 17:30:00,successful,blade pinned in at 15:30
14.0,BW 45,2019-11-22 09:30:00,2019-11-22 17:00:00,2019-11-24 16:00:00,2019-11-24 19:45:00,Blade 3,2.0,,,,
14.0,BW 45,2019-11-22 09:30:00,2019-11-22 17:00:00,2019-11-24 16:00:00,2019-11-24 19:45:00,Blade 3,3.0,,,,
15.0,BW 56,2019-11-26 09:05:00,2019-11-26 12:45:00,2019-11-26 14:20:00,2019-11-26 19:50:00,Blade 1,1.0,2019-12-01 01:20:00,2019-12-01 05:20:00,successful,"from 01:50 to 03:50 blade was hanging at hub height due to tower oscillations, blade was pinned in at 04:25"
15.0,BW 56,2019-11-26 09:05:00,2019-11-26 12:45:00,2019-11-26 14:20:00,2019-11-26 19:50:00,Blade 1,2.0,,,,
15.0,BW 56,2019-11-26 09:05:00,2019-11-26 12:45:00,2019-11-26 14:20:00,2019-11-26 19:50:00,Blade 1,3.0,,,,
15.0,BW 56,2019-11-26 09:05:00,2019-11-26 12:45:00,2019-11-26 14:20:00,2019-11-26 19:50:00,Blade 2,1.0,2019-12-01 09:15:00,2019-12-01 11:40:00,successful,blade pinned in at 10:30
15.0,BW 56,2019-11-26 09:05:00,2019-11-26 12:45:00,2019-11-26 14:20:00,2019-11-26 19:50:00,Blade 2,2.0,,,,
15.0,BW 56,2019-11-26 09:05:00,2019-11-26 12:45:00,2019-11-26 14:20:00,2019-11-26 19:50:00,Blade 2,3.0,,,,
15.0,BW 56,2019-11-26 09:05:00,2019-11-26 12:45:00,2019-11-26 14:20:00,2019-11-26 19:50:00,Blade 3,1.0,2019-12-01 14:30:00,2019-12-01 17:45:00,successful,blade pinned in at 15:15
15.0,BW 56,2019-11-26 09:05:00,2019-11-26 12:45:00,2019-11-26 14:20:00,2019-11-26 19:50:00,Blade 3,2.0,,,,
15.0,BW 56,2019-11-26 09:05:00,2019-11-26 12:45:00,2019-11-26 14:20:00,2019-11-26 19:50:00,Blade 3,3.0,,,,
16.0,BW 67,2019-12-03 17:00:00,2019-12-03 19:20:00,2019-12-03 21:40:00,2019-12-03 23:30:00,Blade 1,1.0,2019-12-13 15:00:00,2019-12-13 20:00:00,unsuccessful,installation not possible due to high tower + SBIT movements (oscillation)
16.0,BW 67,2019-12-03 17:00:00,2019-12-03 19:20:00,2019-12-03 21:40:00,2019-12-03 23:30:00,Blade 1,2.0,2019-12-17 00:45:00,2019-12-17 04:45:00,unsuccessful,installation not possible due to high tower + SBIT movements (oscillation)
16.0,BW 67,2019-12-03 17:00:00,2019-12-03 19:20:00,2019-12-03 21:40:00,2019-12-03 23:30:00,Blade 1,3.0,2019-12-17 04:45:00,2019-12-17 05:15:00,successful,blade pinned in at 05:30
16.0,BW 67,2019-12-03 17:00:00,2019-12-03 19:20:00,2019-12-03 21:40:00,2019-12-03 23:30:00,Blade 2,1.0,2019-12-22 07:00:00,2019-12-22 19:30:00,successful,"several attempts to install the blade, last attempt successful"
16.0,BW 67,2019-12-03 17:00:00,2019-12-03 19:20:00,2019-12-03 21:40:00,2019-12-03 23:30:00,Blade 2,2.0,,,,
16.0,BW 67,2019-12-03 17:00:00,2019-12-03 19:20:00,2019-12-03 21:40:00,2019-12-03 23:30:00,Blade 2,3.0,,,,
16.0,BW 67,2019-12-03 17:00:00,2019-12-03 19:20:00,2019-12-03 21:40:00,2019-12-03 23:30:00,Blade 3,1.0,2019-12-22 19:50:00,2019-12-22 22:50:00,unsuccessful,installation not possible due to high tower movements (oscillation)
16.0,BW 67,2019-12-03 17:00:00,2019-12-03 19:20:00,2019-12-03 21:40:00,2019-12-03 23:30:00,Blade 3,2.0,2019-12-24 12:15:00,2019-12-24 18:30:00,successful,"several attempts to install the blade necessary due to tower oscillations, last attempt successful"
16.0,BW 67,2019-12-03 17:00:00,2019-12-03 19:20:00,2019-12-03 21:40:00,2019-12-03 23:30:00,Blade 3,3.0,,,,
17.0,BW 20,2019-12-28 12:00:00,2019-12-28 14:15:00,2019-12-28 20:00:00,2019-12-28 23:15:00,Blade 1,1.0,2019-12-31 10:45:00,2019-12-31 12:45:00,successful,blade pinned in at 11:30     TMD (Tower Mass Damper) was activated from 08:00AM until 11:30PM !!!
17.0,BW 20,2019-12-28 12:00:00,2019-12-28 14:15:00,2019-12-28 20:00:00,2019-12-28 23:15:00,Blade 1,2.0,,,,
17.0,BW 20,2019-12-28 12:00:00,2019-12-28 14:15:00,2019-12-28 20:00:00,2019-12-28 23:15:00,Blade 1,3.0,,,,
17.0,BW 20,2019-12-28 12:00:00,2019-12-28 14:15:00,2019-12-28 20:00:00,2019-12-28 23:15:00,Blade 2,1.0,2019-12-31 15:15:00,2019-12-31 18:00:00,successful,blade pinned in at 16:15     TMD (Tower Mass Damper) was activated from 08:00AM until 11:30PM !!!
17.0,BW 20,2019-12-28 12:00:00,2019-12-28 14:15:00,2019-12-28 20:00:00,2019-12-28 23:15:00,Blade 2,2.0,,,,
17.0,BW 20,2019-12-28 12:00:00,2019-12-28 14:15:00,2019-12-28 20:00:00,2019-12-28 23:15:00,Blade 2,3.0,,,,
17.0,BW 20,2019-12-28 12:00:00,2019-12-28 14:15:00,2019-12-28 20:00:00,2019-12-28 23:15:00,Blade 3,1.0,2019-12-31 20:30:00,2019-12-31 22:45:00,successful,blade pinned in at 21:45     TMD (Tower Mass Damper) was activated from 08:00AM until 11:30PM !!!
17.0,BW 20,2019-12-28 12:00:00,2019-12-28 14:15:00,2019-12-28 20:00:00,2019-12-28 23:15:00,Blade 3,2.0,,,,
17.0,BW 20,2019-12-28 12:00:00,2019-12-28 14:15:00,2019-12-28 20:00:00,2019-12-28 23:15:00,Blade 3,3.0,,,,
18.0,BW 11,2020-01-01 18:10:00,2020-01-01 21:10:00,2020-01-06 04:30:00,2020-01-06 09:00:00,Blade 1,1.0,2020-01-08 14:28:00,2020-01-08 16:40:00,successful,"blade pinned in at 15:05, crane released 16:40 TMD was acivated from 13:20 onwards and was working as wanted!!"
18.0,BW 11,2020-01-01 18:10:00,2020-01-01 21:10:00,2020-01-06 04:30:00,2020-01-06 09:00:00,Blade 1,2.0,,,,
18.0,BW 11,2020-01-01 18:10:00,2020-01-01 21:10:00,2020-01-06 04:30:00,2020-01-06 09:00:00,Blade 1,3.0,,,,
18.0,BW 11,2020-01-01 18:10:00,2020-01-01 21:10:00,2020-01-06 04:30:00,2020-01-06 09:00:00,Blade 2,1.0,2020-01-08 19:15:00,2020-01-08 23:45:00,successful,"blade pinned in at 20:00, crane released 23:45( problem with a guide pin) TMD was acivated from 13:20 "
18.0,BW 11,2020-01-01 18:10:00,2020-01-01 21:10:00,2020-01-06 04:30:00,2020-01-06 09:00:00,Blade 2,2.0,,,,
18.0,BW 11,2020-01-01 18:10:00,2020-01-01 21:10:00,2020-01-06 04:30:00,2020-01-06 09:00:00,Blade 2,3.0,,,,
18.0,BW 11,2020-01-01 18:10:00,2020-01-01 21:10:00,2020-01-06 04:30:00,2020-01-06 09:00:00,Blade 3,1.0,2020-01-09 02:00:00,2020-01-09 03:45:00,successful,"blade pinned in at 02:50, crane released 03:45 TMD was acivated from 13:20 "
18.0,BW 11,2020-01-01 18:10:00,2020-01-01 21:10:00,2020-01-06 04:30:00,2020-01-06 09:00:00,Blade 3,2.0,,,,
18.0,BW 11,2020-01-01 18:10:00,2020-01-01 21:10:00,2020-01-06 04:30:00,2020-01-06 09:00:00,Blade 3,3.0,,,,
19.0,BW 10,2020-01-19 20:30:00,2020-01-19 21:15:00,2020-01-20 00:30:00,2020-01-20 01:15:00,Blade 1,1.0,2020-01-20 07:30:00,2020-01-20 08:10:00,successful,
19.0,BW 10,2020-01-19 20:30:00,2020-01-19 21:15:00,2020-01-20 00:30:00,2020-01-20 01:15:00,Blade 1,2.0,,,,
19.0,BW 10,2020-01-19 20:30:00,2020-01-19 21:15:00,2020-01-20 00:30:00,2020-01-20 01:15:00,Blade 1,3.0,,,,
19.0,BW 10,2020-01-19 20:30:00,2020-01-19 21:15:00,2020-01-20 00:30:00,2020-01-20 01:15:00,Blade 2,1.0,2020-01-20 11:20:00,2020-01-20 11:53:00,successful,
19.0,BW 10,2020-01-19 20:30:00,2020-01-19 21:15:00,2020-01-20 00:30:00,2020-01-20 01:15:00,Blade 2,2.0,,,,
19.0,BW 10,2020-01-19 20:30:00,2020-01-19 21:15:00,2020-01-20 00:30:00,2020-01-20 01:15:00,Blade 2,3.0,,,,
19.0,BW 10,2020-01-19 20:30:00,2020-01-19 21:15:00,2020-01-20 00:30:00,2020-01-20 01:15:00,Blade 3,1.0,2020-01-20 15:00:00,2020-01-20 15:42:00,successful,
19.0,BW 10,2020-01-19 20:30:00,2020-01-19 21:15:00,2020-01-20 00:30:00,2020-01-20 01:15:00,Blade 3,2.0,,,,
19.0,BW 10,2020-01-19 20:30:00,2020-01-19 21:15:00,2020-01-20 00:30:00,2020-01-20 01:15:00,Blade 3,3.0,,,,
20.0,BW 30,2020-01-24 10:35:00,2020-01-24 11:45:00,2020-01-24 14:30:00,2020-01-24 16:00:00,Blade 1,1.0,2020-01-24 20:20:00,2020-01-24 21:00:00,successful,
20.0,BW 30,2020-01-24 10:35:00,2020-01-24 11:45:00,2020-01-24 14:30:00,2020-01-24 16:00:00,Blade 1,2.0,,,,
20.0,BW 30,2020-01-24 10:35:00,2020-01-24 11:45:00,2020-01-24 14:30:00,2020-01-24 16:00:00,Blade 1,3.0,,,,
20.0,BW 30,2020-01-24 10:35:00,2020-01-24 11:45:00,2020-01-24 14:30:00,2020-01-24 16:00:00,Blade 2,1.0,2020-01-25 00:00:00,2020-01-25 00:45:00,successful,
20.0,BW 30,2020-01-24 10:35:00,2020-01-24 11:45:00,2020-01-24 14:30:00,2020-01-24 16:00:00,Blade 2,2.0,,,,
20.0,BW 30,2020-01-24 10:35:00,2020-01-24 11:45:00,2020-01-24 14:30:00,2020-01-24 16:00:00,Blade 2,3.0,,,,
20.0,BW 30,2020-01-24 10:35:00,2020-01-24 11:45:00,2020-01-24 14:30:00,2020-01-24 16:00:00,Blade 2,4.0,,,,
20.0,BW 30,2020-01-24 10:35:00,2020-01-24 11:45:00,2020-01-24 14:30:00,2020-01-24 16:00:00,Blade 3,1.0,2020-01-25 03:40:00,2020-01-25 08:00:00,successful,
20.0,BW 30,2020-01-24 10:35:00,2020-01-24 11:45:00,2020-01-24 14:30:00,2020-01-24 16:00:00,Blade 3,2.0,,,,
20.0,BW 30,2020-01-24 10:35:00,2020-01-24 11:45:00,2020-01-24 14:30:00,2020-01-24 16:00:00,Blade 3,3.0,,,,
21.0,BW 19,2020-02-02 07:30:00,2020-02-02 08:40:00,2020-02-02 11:00:00,2020-02-02 12:00:00,Blade 1,1.0,2020-02-02 17:00:00,2020-02-02 20:00:00,successful,blade pinned in at 
21.0,BW 19,2020-02-02 07:30:00,2020-02-02 08:40:00,2020-02-02 11:00:00,2020-02-02 12:00:00,Blade 1,2.0,,,,
21.0,BW 19,2020-02-02 07:30:00,2020-02-02 08:40:00,2020-02-02 11:00:00,2020-02-02 12:00:00,Blade 1,3.0,,,,
21.0,BW 19,2020-02-02 07:30:00,2020-02-02 08:40:00,2020-02-02 11:00:00,2020-02-02 12:00:00,Blade 2,1.0,2020-02-04 13:00:00,2020-02-04 14:45:00,unsuccessful,TMD was acivated from 11:45 
21.0,BW 19,2020-02-02 07:30:00,2020-02-02 08:40:00,2020-02-02 11:00:00,2020-02-02 12:00:00,Blade 2,2.0,2020-02-05 01:00:00,2020-02-05 01:50:50,unsuccessful,SBIT has problem in the Ã¶l pressure from the zylinder (Tip)
21.0,BW 19,2020-02-02 07:30:00,2020-02-02 08:40:00,2020-02-02 11:00:00,2020-02-02 12:00:00,Blade 2,3.0,2020-02-05 11:30:00,2020-02-05 14:00:00,successful,TMD was acivated from 11:30
21.0,BW 19,2020-02-02 07:30:00,2020-02-02 08:40:00,2020-02-02 11:00:00,2020-02-02 12:00:00,Blade 2,4.0,,,,
21.0,BW 19,2020-02-02 07:30:00,2020-02-02 08:40:00,2020-02-02 11:00:00,2020-02-02 12:00:00,Blade 3,1.0,2020-02-05 15:30:00,2020-02-05 17:30:00,successful,
21.0,BW 19,2020-02-02 07:30:00,2020-02-02 08:40:00,2020-02-02 11:00:00,2020-02-02 12:00:00,Blade 3,2.0,,,,
21.0,BW 19,2020-02-02 07:30:00,2020-02-02 08:40:00,2020-02-02 11:00:00,2020-02-02 12:00:00,Blade 3,3.0,,,,
22.0,BW 09,2020-03-06 19:30:00,2020-03-06 21:45:00,2020-03-06 23:30:00,2020-03-07 02:30:00,Blade 1,1.0,2020-03-13 21:00:00,2020-03-14 01:00:00,unsuccessful,process interrupted due to sea wave and tower occilation
22.0,BW 09,2020-03-06 19:30:00,2020-03-06 21:45:00,2020-03-06 23:30:00,2020-03-07 02:30:00,Blade 1,2.0,2020-03-14 03:00:00,2020-03-14 04:30:00,successful,
22.0,BW 09,2020-03-06 19:30:00,2020-03-06 21:45:00,2020-03-06 23:30:00,2020-03-07 02:30:00,Blade 1,3.0,,,,
22.0,BW 09,2020-03-06 19:30:00,2020-03-06 21:45:00,2020-03-06 23:30:00,2020-03-07 02:30:00,Blade 2,1.0,2020-03-14 05:15:00,2020-03-14 09:05:00,successful,process 1h interrupted because of crew change and defect hailo lift
22.0,BW 09,2020-03-06 19:30:00,2020-03-06 21:45:00,2020-03-06 23:30:00,2020-03-07 02:30:00,Blade 2,2.0,,,,
22.0,BW 09,2020-03-06 19:30:00,2020-03-06 21:45:00,2020-03-06 23:30:00,2020-03-07 02:30:00,Blade 2,3.0,,,,
22.0,BW 09,2020-03-06 19:30:00,2020-03-06 21:45:00,2020-03-06 23:30:00,2020-03-07 02:30:00,Blade 3,1.0,2020-03-18 13:30:00,2020-03-18 17:30:00,unsuccessful,blade rotated in the SBIT; blade had been lifted back to the blade rack
22.0,BW 09,2020-03-06 19:30:00,2020-03-06 21:45:00,2020-03-06 23:30:00,2020-03-07 02:30:00,Blade 3,2.0,2020-03-25 06:00:00,2020-03-25 09:30:00,successful,"WTG oscillated a lot, blade hit the spinner 3 times"
22.0,BW 09,2020-03-06 19:30:00,2020-03-06 21:45:00,2020-03-06 23:30:00,2020-03-07 02:30:00,Blade 3,3.0,,,,
23.0,BW 17,2020-03-26 05:30:00,2020-03-26 09:20:00,2020-03-26 10:30:00,2020-03-26 14:30:00,Blade 1,1.0,2020-03-26 16:00:00,2020-03-26 19:30:00,successful,"WTG oscillated a lot, blade hit the spinner >5 times"
23.0,BW 17,2020-03-26 05:30:00,2020-03-26 09:20:00,2020-03-26 10:30:00,2020-03-26 14:30:00,Blade 1,2.0,,,,
23.0,BW 17,2020-03-26 05:30:00,2020-03-26 09:20:00,2020-03-26 10:30:00,2020-03-26 14:30:00,Blade 1,3.0,,,,
23.0,BW 17,2020-03-26 05:30:00,2020-03-26 09:20:00,2020-03-26 10:30:00,2020-03-26 14:30:00,Blade 2,1.0,2020-03-26 21:15:00,2020-03-26 23:10:00,successful,Blade inserted at 21:50
23.0,BW 17,2020-03-26 05:30:00,2020-03-26 09:20:00,2020-03-26 10:30:00,2020-03-26 14:30:00,Blade 2,2.0,,,,
23.0,BW 17,2020-03-26 05:30:00,2020-03-26 09:20:00,2020-03-26 10:30:00,2020-03-26 14:30:00,Blade 2,3.0,,,,
23.0,BW 17,2020-03-26 05:30:00,2020-03-26 09:20:00,2020-03-26 10:30:00,2020-03-26 14:30:00,Blade 3,1.0,2020-03-27 01:00:00,2020-03-27 03:30:00,successful,Blade inserted at 01:30
23.0,BW 17,2020-03-26 05:30:00,2020-03-26 09:20:00,2020-03-26 10:30:00,2020-03-26 14:30:00,Blade 3,2.0,,,,
23.0,BW 17,2020-03-26 05:30:00,2020-03-26 09:20:00,2020-03-26 10:30:00,2020-03-26 14:30:00,Blade 3,3.0,,,,
24.0,BW 29,2020-03-29 06:00:00,2020-03-29 08:00:00,2020-03-30 02:00:00,2020-03-30 04:00:00,Blade 1,1.0,2020-03-31 02:00:00,2020-03-31 07:00:00,successful,
24.0,BW 29,2020-03-29 06:00:00,2020-03-29 08:00:00,2020-03-30 02:00:00,2020-03-30 04:00:00,Blade 1,2.0,,,,
24.0,BW 29,2020-03-29 06:00:00,2020-03-29 08:00:00,2020-03-30 02:00:00,2020-03-30 04:00:00,Blade 1,3.0,,,,
24.0,BW 29,2020-03-29 06:00:00,2020-03-29 08:00:00,2020-03-30 02:00:00,2020-03-30 04:00:00,Blade 2,1.0,2020-03-31 09:00:00,2020-03-31 11:00:00,successful,
24.0,BW 29,2020-03-29 06:00:00,2020-03-29 08:00:00,2020-03-30 02:00:00,2020-03-30 04:00:00,Blade 2,2.0,,,,
24.0,BW 29,2020-03-29 06:00:00,2020-03-29 08:00:00,2020-03-30 02:00:00,2020-03-30 04:00:00,Blade 2,3.0,,,,
24.0,BW 29,2020-03-29 06:00:00,2020-03-29 08:00:00,2020-03-30 02:00:00,2020-03-30 04:00:00,Blade 3,1.0,2020-03-31 13:00:00,2020-03-31 16:00:00,successful,
24.0,BW 29,2020-03-29 06:00:00,2020-03-29 08:00:00,2020-03-30 02:00:00,2020-03-30 04:00:00,Blade 3,2.0,,,,
24.0,BW 29,2020-03-29 06:00:00,2020-03-29 08:00:00,2020-03-30 02:00:00,2020-03-30 04:00:00,Blade 3,3.0,,,,
25.0,BW  27,2020-04-16 14:30:00,2020-04-16 15:50:00,2020-04-17 00:00:00,2020-04-17 02:45:00,Blade 1,1.0,2020-04-17 08:30:00,2020-04-17 10:30:00,successful,
25.0,BW  27,2020-04-16 14:30:00,2020-04-16 15:50:00,2020-04-17 00:00:00,2020-04-17 02:45:00,Blade 1,2.0,,,,
25.0,BW  27,2020-04-16 14:30:00,2020-04-16 15:50:00,2020-04-17 00:00:00,2020-04-17 02:45:00,Blade 1,3.0,,,,
25.0,BW  27,2020-04-16 14:30:00,2020-04-16 15:50:00,2020-04-17 00:00:00,2020-04-17 02:45:00,Blade 2,1.0,2020-04-17 12:00:00,2020-04-17 14:00:00,unsuccessful,
25.0,BW  27,2020-04-16 14:30:00,2020-04-16 15:50:00,2020-04-17 00:00:00,2020-04-17 02:45:00,Blade 2,2.0,2020-04-17 14:15:00,2020-04-17 16:15:00,successful,
25.0,BW  27,2020-04-16 14:30:00,2020-04-16 15:50:00,2020-04-17 00:00:00,2020-04-17 02:45:00,Blade 2,3.0,,,,
25.0,BW  27,2020-04-16 14:30:00,2020-04-16 15:50:00,2020-04-17 00:00:00,2020-04-17 02:45:00,Blade 3,1.0,2020-04-18 00:05:00,2020-04-18 01:35:00,successful,
25.0,BW  27,2020-04-16 14:30:00,2020-04-16 15:50:00,2020-04-17 00:00:00,2020-04-17 02:45:00,Blade 3,2.0,,,,
25.0,BW  27,2020-04-16 14:30:00,2020-04-16 15:50:00,2020-04-17 00:00:00,2020-04-17 02:45:00,Blade 3,3.0,,,,
26.0,BW 16,2020-04-19 06:15:00,2020-04-19 08:50:00,2020-04-19 12:15:00,2020-04-19 13:45:00,Blade 1,1.0,2020-04-23 03:50:00,2020-04-23 05:00:00,successful,
26.0,BW 16,2020-04-19 06:15:00,2020-04-19 08:50:00,2020-04-19 12:15:00,2020-04-19 13:45:00,Blade 1,2.0,,,,
26.0,BW 16,2020-04-19 06:15:00,2020-04-19 08:50:00,2020-04-19 12:15:00,2020-04-19 13:45:00,Blade 1,3.0,,,,
26.0,BW 16,2020-04-19 06:15:00,2020-04-19 08:50:00,2020-04-19 12:15:00,2020-04-19 13:45:00,Blade 2,1.0,2020-04-23 08:30:00,2020-04-23 10:15:00,successful,
26.0,BW 16,2020-04-19 06:15:00,2020-04-19 08:50:00,2020-04-19 12:15:00,2020-04-19 13:45:00,Blade 2,2.0,,,,
26.0,BW 16,2020-04-19 06:15:00,2020-04-19 08:50:00,2020-04-19 12:15:00,2020-04-19 13:45:00,Blade 2,3.0,,,,
26.0,BW 16,2020-04-19 06:15:00,2020-04-19 08:50:00,2020-04-19 12:15:00,2020-04-19 13:45:00,Blade 3,1.0,2020-04-23 12:56:00,2020-04-23 18:00:00,successful,
26.0,BW 16,2020-04-19 06:15:00,2020-04-19 08:50:00,2020-04-19 12:15:00,2020-04-19 13:45:00,Blade 3,2.0,,,,
26.0,BW 16,2020-04-19 06:15:00,2020-04-19 08:50:00,2020-04-19 12:15:00,2020-04-19 13:45:00,Blade 3,3.0,,,,
27.0,BW  05,2020-04-25 03:00:00,2020-04-25 03:45:00,2020-04-25 06:00:00,2020-04-25 09:15:00,Blade 1,1.0,2020-04-25 12:30:00,2020-04-25 14:45:00,successful,
27.0,BW  05,2020-04-25 03:00:00,2020-04-25 03:45:00,2020-04-25 06:00:00,2020-04-25 09:15:00,Blade 1,2.0,,,,
27.0,BW  05,2020-04-25 03:00:00,2020-04-25 03:45:00,2020-04-25 06:00:00,2020-04-25 09:15:00,Blade 1,3.0,,,,
27.0,BW  05,2020-04-25 03:00:00,2020-04-25 03:45:00,2020-04-25 06:00:00,2020-04-25 09:15:00,Blade 2,1.0,2020-04-25 16:45:00,2020-04-25 19:40:00,successful,
27.0,BW  05,2020-04-25 03:00:00,2020-04-25 03:45:00,2020-04-25 06:00:00,2020-04-25 09:15:00,Blade 2,2.0,,,,
27.0,BW  05,2020-04-25 03:00:00,2020-04-25 03:45:00,2020-04-25 06:00:00,2020-04-25 09:15:00,Blade 2,3.0,,,,
27.0,BW  05,2020-04-25 03:00:00,2020-04-25 03:45:00,2020-04-25 06:00:00,2020-04-25 09:15:00,Blade 3,1.0,2020-04-25 20:40:00,2020-04-25 23:20:00,successful,
27.0,BW  05,2020-04-25 03:00:00,2020-04-25 03:45:00,2020-04-25 06:00:00,2020-04-25 09:15:00,Blade 3,2.0,,,,
27.0,BW  05,2020-04-25 03:00:00,2020-04-25 03:45:00,2020-04-25 06:00:00,2020-04-25 09:15:00,Blade 3,3.0,,,,
28.0,BW 28,2020-04-30 18:00:00,2020-04-30 20:45:00,2020-05-01 13:30:00,2020-05-01 15:45:00,Blade 1,1.0,2020-05-01 19:30:00,2020-05-01 21:15:00,successful,
28.0,BW 28,2020-04-30 18:00:00,2020-04-30 20:45:00,2020-05-01 13:30:00,2020-05-01 15:45:00,Blade 1,2.0,,,,
28.0,BW 28,2020-04-30 18:00:00,2020-04-30 20:45:00,2020-05-01 13:30:00,2020-05-01 15:45:00,Blade 1,3.0,,,,
28.0,BW 28,2020-04-30 18:00:00,2020-04-30 20:45:00,2020-05-01 13:30:00,2020-05-01 15:45:00,Blade 2,1.0,2020-05-01 23:00:00,2020-05-02 01:50:00,successful,
28.0,BW 28,2020-04-30 18:00:00,2020-04-30 20:45:00,2020-05-01 13:30:00,2020-05-01 15:45:00,Blade 2,2.0,,,,
28.0,BW 28,2020-04-30 18:00:00,2020-04-30 20:45:00,2020-05-01 13:30:00,2020-05-01 15:45:00,Blade 2,3.0,,,,
28.0,BW 28,2020-04-30 18:00:00,2020-04-30 20:45:00,2020-05-01 13:30:00,2020-05-01 15:45:00,Blade 3,1.0,2020-05-02 03:30:00,2020-05-02 05:45:00,successful,blade pinned at 05:45 am
28.0,BW 28,2020-04-30 18:00:00,2020-04-30 20:45:00,2020-05-01 13:30:00,2020-05-01 15:45:00,Blade 3,2.0,,,,
28.0,BW 28,2020-04-30 18:00:00,2020-04-30 20:45:00,2020-05-01 13:30:00,2020-05-01 15:45:00,Blade 3,3.0,,,,
29.0,BW 18,2020-05-02 00:00:00,2020-05-03 02:45:00,2020-05-03 04:00:00,2020-05-04 00:30:00,Blade 1,1.0,2020-05-04 02:00:00,2020-05-04 05:30:00,successful,
29.0,BW 18,2020-05-02 00:00:00,2020-05-03 02:45:00,2020-05-03 04:00:00,2020-05-04 00:30:00,Blade 1,2.0,,,,
29.0,BW 18,2020-05-02 00:00:00,2020-05-03 02:45:00,2020-05-03 04:00:00,2020-05-04 00:30:00,Blade 1,3.0,,,,
29.0,BW 18,2020-05-02 00:00:00,2020-05-03 02:45:00,2020-05-03 04:00:00,2020-05-04 00:30:00,Blade 2,1.0,2020-05-05 07:30:00,2020-05-05 09:00:00,successful,"no further problems, calm sea, no oscillations on the tower, low winds"
29.0,BW 18,2020-05-02 00:00:00,2020-05-03 02:45:00,2020-05-03 04:00:00,2020-05-04 00:30:00,Blade 2,2.0,,,,
29.0,BW 18,2020-05-02 00:00:00,2020-05-03 02:45:00,2020-05-03 04:00:00,2020-05-04 00:30:00,Blade 2,3.0,,,,
29.0,BW 18,2020-05-02 00:00:00,2020-05-03 02:45:00,2020-05-03 04:00:00,2020-05-04 00:30:00,Blade 3,1.0,2020-05-05 10:30:00,2020-05-05 12:45:00,successful,took longer because there was a lunch break inbetween
29.0,BW 18,2020-05-02 00:00:00,2020-05-03 02:45:00,2020-05-03 04:00:00,2020-05-04 00:30:00,Blade 3,2.0,,,,
29.0,BW 18,2020-05-02 00:00:00,2020-05-03 02:45:00,2020-05-03 04:00:00,2020-05-04 00:30:00,Blade 3,3.0,,,,
30.0,BW 06,2020-05-05 10:00:00,2020-05-05 12:45:00,2020-05-05 14:30:00,2020-05-05 17:30:00,Blade 1,1.0,2020-05-05 20:30:00,2020-05-06 01:15:00,successful,"problem with the handcontroll, the switch was not corect install."
30.0,BW 06,2020-05-05 10:00:00,2020-05-05 12:45:00,2020-05-05 14:30:00,2020-05-05 17:30:00,Blade 1,2.0,,,,
30.0,BW 06,2020-05-05 10:00:00,2020-05-05 12:45:00,2020-05-05 14:30:00,2020-05-05 17:30:00,Blade 1,3.0,,,,
30.0,BW 06,2020-05-05 10:00:00,2020-05-05 12:45:00,2020-05-05 14:30:00,2020-05-05 17:30:00,Blade 2,1.0,2020-05-06 02:00:00,2020-05-06 02:00:00,unsuccessful,"power loss in TP , switched back to vessel electricity supply. Problem with the turn gear, reset the program"
30.0,BW 06,2020-05-05 10:00:00,2020-05-05 12:45:00,2020-05-05 14:30:00,2020-05-05 17:30:00,Blade 2,2.0,2020-05-06 06:30:00,2020-05-06 07:15:00,successful,blade pinned at 07:15 am
30.0,BW 06,2020-05-05 10:00:00,2020-05-05 12:45:00,2020-05-05 14:30:00,2020-05-05 17:30:00,Blade 2,3.0,,,,
30.0,BW 06,2020-05-05 10:00:00,2020-05-05 12:45:00,2020-05-05 14:30:00,2020-05-05 17:30:00,Blade 3,1.0,2020-05-06 10:50:00,2020-05-06 11:30:00,successful,blade pinned at 11:30 am
30.0,BW 06,2020-05-05 10:00:00,2020-05-05 12:45:00,2020-05-05 14:30:00,2020-05-05 17:30:00,Blade 3,2.0,,,,
30.0,BW 06,2020-05-05 10:00:00,2020-05-05 12:45:00,2020-05-05 14:30:00,2020-05-05 17:30:00,Blade 3,3.0,,,,
31.0,BW 07,2020-05-09 12:45:00,2020-05-09 16:45:00,2020-05-12 20:30:00,2020-05-12 23:55:00,Blade 1,1.0,2020-05-14 10:15:00,2020-05-14 10:45:00,unsuccessful,"strong oscillations even with activated TMD, blade ""parked"" in front of turbine for next attempt"
31.0,BW 07,2020-05-09 12:45:00,2020-05-09 16:45:00,2020-05-12 20:30:00,2020-05-12 23:55:00,Blade 1,2.0,2020-05-14 11:10:00,2020-05-14 11:15:00,successful,blade pinned at 11:15 am
31.0,BW 07,2020-05-09 12:45:00,2020-05-09 16:45:00,2020-05-12 20:30:00,2020-05-12 23:55:00,Blade 1,3.0,,,,
31.0,BW 07,2020-05-09 12:45:00,2020-05-09 16:45:00,2020-05-12 20:30:00,2020-05-12 23:55:00,Blade 2,1.0,2020-05-14 16:00:00,2020-05-14 16:40:00,successful,blade pinned at 16:40 am
31.0,BW 07,2020-05-09 12:45:00,2020-05-09 16:45:00,2020-05-12 20:30:00,2020-05-12 23:55:00,Blade 2,2.0,,,,
31.0,BW 07,2020-05-09 12:45:00,2020-05-09 16:45:00,2020-05-12 20:30:00,2020-05-12 23:55:00,Blade 2,3.0,,,,
31.0,BW 07,2020-05-09 12:45:00,2020-05-09 16:45:00,2020-05-12 20:30:00,2020-05-12 23:55:00,Blade 3,1.0,2020-05-14 21:45:00,2020-05-14 22:25:00,successful,
31.0,BW 07,2020-05-09 12:45:00,2020-05-09 16:45:00,2020-05-12 20:30:00,2020-05-12 23:55:00,Blade 3,2.0,,,,
31.0,BW 07,2020-05-09 12:45:00,2020-05-09 16:45:00,2020-05-12 20:30:00,2020-05-12 23:55:00,Blade 3,3.0,,,,
32.0,BW 08,2020-05-15 18:30:00,2020-05-15 19:30:00,2020-05-15 22:15:00,2020-05-15 23:15:00,Blade 1,1.0,2020-05-16 08:30:00,2020-05-16 08:50:00,unsuccessful,"strong oscillations even with activated TMD, blade ""parked"" in front of turbine for next attempt"
32.0,BW 08,2020-05-15 18:30:00,2020-05-15 19:30:00,2020-05-15 22:15:00,2020-05-15 23:15:00,Blade 1,2.0,2020-05-16 08:55:00,2020-05-16 09:08:00,successful,
32.0,BW 08,2020-05-15 18:30:00,2020-05-15 19:30:00,2020-05-15 22:15:00,2020-05-15 23:15:00,Blade 1,3.0,,,,
32.0,BW 08,2020-05-15 18:30:00,2020-05-15 19:30:00,2020-05-15 22:15:00,2020-05-15 23:15:00,Blade 2,1.0,2020-05-16 12:45:00,2020-05-16 13:15:00,successful,blade pinned at 1:15 pm
32.0,BW 08,2020-05-15 18:30:00,2020-05-15 19:30:00,2020-05-15 22:15:00,2020-05-15 23:15:00,Blade 2,2.0,,,,
32.0,BW 08,2020-05-15 18:30:00,2020-05-15 19:30:00,2020-05-15 22:15:00,2020-05-15 23:15:00,Blade 2,3.0,,,,
32.0,BW 08,2020-05-15 18:30:00,2020-05-15 19:30:00,2020-05-15 22:15:00,2020-05-15 23:15:00,Blade 3,1.0,2020-05-16 21:45:00,2020-05-16 22:38:00,successful,
32.0,BW 08,2020-05-15 18:30:00,2020-05-15 19:30:00,2020-05-15 22:15:00,2020-05-15 23:15:00,Blade 3,2.0,,,,
32.0,BW 08,2020-05-15 18:30:00,2020-05-15 19:30:00,2020-05-15 22:15:00,2020-05-15 23:15:00,Blade 3,3.0,,,,
