,windSpeed,waveHeight,waveTp,peakDeflection,peakDeflectionTower
0,4.0,1.39,7.14,2.7032,15.630099999999999
1,4.0,1.39,7.14,2.787,17.342299999999998
2,3.7,1.39,7.14,3.6654,14.758799999999999
3,3.7,1.39,7.14,3.7484,22.1884
4,4.2,1.39,7.14,4.8689,15.936300000000001
5,4.0,1.39,7.14,5.1682,24.6022
6,3.6,1.39,7.14,2.8813,18.1977
7,3.8,1.39,7.14,3.5408000000000004,15.004700000000001
8,4.7,1.39,7.14,4.5603,13.8168
9,3.9,1.39,7.14,5.598800000000001,16.3381
10,3.8,1.39,7.14,6.4461,22.4221
11,3.8,1.39,7.14,4.9218,20.8112
12,4.3,1.39,7.14,2.1897,15.9194
13,3.9,1.39,7.14,3.5614,9.9773
14,4.3,1.39,7.14,5.4636,10.3068
15,3.0,1.39,7.14,5.2484,12.4375
16,4.5,1.39,7.14,3.4026,16.6612
17,5.2,1.39,7.14,3.7511,13.2156
18,6.4,1.39,7.14,4.2181999999999995,16.1818
19,8.8,1.39,7.14,4.4517,10.1021
20,8.3,1.39,7.14,3.0782,7.7182
21,8.8,1.39,7.14,3.2745999999999995,10.7053
22,9.1,1.39,7.14,2.4712,12.7265
23,8.4,1.39,7.14,4.1386,13.4214
24,7.4,1.39,7.14,4.2497,9.9909
25,5.0,1.39,7.14,5.1754,8.2075
26,5.3,1.39,7.14,4.364599999999999,9.6861
27,6.2,1.39,7.14,4.6429,8.5006
28,4.7,1.29,7.14,3.9834,9.0734
29,4.9,1.29,7.14,3.7742999999999998,11.2288
30,4.3,1.29,7.14,3.3048,11.2519
31,3.8,1.29,7.14,4.6465,10.1337
32,3.5,1.29,7.14,3.8684999999999996,14.0746
33,2.9,1.29,7.14,8.1888,16.1
34,2.5,1.29,7.14,4.508100000000001,13.9328
35,3.0,1.29,7.14,5.7656,8.255700000000001
36,1.5,1.29,7.14,6.0931,8.8255
37,2.0,1.29,7.14,7.732,7.892499999999999
38,2.5,1.29,7.14,5.9638,9.6688
39,2.0,1.29,7.14,4.6744,9.2764
40,1.4,1.29,7.14,4.9085,11.7922
41,1.8,1.29,7.14,5.0461,10.3338
42,1.7,1.29,7.14,3.5698,9.3523
43,1.2,1.29,7.14,6.0073,11.2748
44,1.9,1.29,7.14,7.6945,14.3351
45,1.1,1.29,7.14,4.5499,14.5679
46,1.6,1.29,7.14,7.6953,9.5894
47,1.9,1.29,7.14,5.2222,7.843
48,1.0,1.29,7.14,5.7362,11.4801
49,1.2,1.29,7.14,2.2399,8.8098
50,1.1,1.29,7.14,3.8095999999999997,9.321200000000001
51,0.5,1.29,7.14,5.827,15.8769
52,0.4,1.29,7.14,6.024100000000001,11.491999999999999
53,1.4,1.29,7.14,6.1897,8.1192
54,1.1,1.29,7.14,6.3588000000000005,6.7999
55,1.7,1.29,7.14,5.0693,8.6281
56,1.5,1.29,7.14,4.7339,7.7503
57,1.0,1.29,7.14,5.4805,7.0082
58,5.2,1.04,7.69,3.7329,17.2033
59,5.0,1.04,7.69,2.6009,16.924
60,4.9,1.04,7.69,3.7128,15.431600000000001
61,4.9,1.04,7.69,3.7131999999999996,12.530800000000001
62,5.1,1.04,7.69,2.2908,15.5216
63,5.8,1.04,7.69,1.2845,11.661299999999999
64,4.6,1.04,7.69,2.0126,7.119300000000001
65,5.6,1.04,7.69,3.0742,10.411900000000001
66,6.1,1.04,7.69,2.056,7.9626
67,5.8,1.04,7.69,3.6523,7.628500000000001
68,6.1,1.04,7.69,4.4002,11.970500000000001
69,5.8,1.04,7.69,2.4676,15.523700000000002
70,4.8,1.04,7.69,5.1683,19.7555
71,4.6,1.04,7.69,3.3125,10.2534
72,5.8,1.04,7.69,3.2489,7.3644
73,5.4,1.04,7.69,3.5860999999999996,8.9781
74,4.7,1.04,7.69,2.5351,6.8126999999999995
75,4.8,1.04,7.69,2.6993,10.3609
76,5.0,1.04,7.69,1.4398,15.1441
77,5.6,1.04,7.69,1.3301,9.2714
78,5.0,1.04,7.69,1.559,7.119000000000001
79,5.4,1.04,7.69,1.7419,5.5957
80,6.3,1.04,7.69,1.9815,11.2098
81,5.7,0.72,8.33,2.7924,10.4738
82,5.7,0.72,8.33,1.7185,8.8646
83,5.7,0.72,8.33,2.0472,7.2411
84,5.7,0.72,8.33,2.419,9.9994
85,5.7,0.74,8.33,2.8806,10.2806
86,5.7,0.74,8.33,5.821,6.670800000000001
87,5.7,0.74,8.33,4.3412,7.1535
88,5.7,0.74,8.33,8.9071,12.7107
89,5.1,0.74,8.33,5.0365,6.9869
90,5.0,0.74,8.33,2.1616,16.4158
91,4.4,0.74,8.33,1.8351,13.385900000000001
92,5.0,0.74,8.33,1.4588999999999999,7.4438
93,4.3,0.76,5.26,1.1769999999999998,10.2467
94,4.5,0.76,5.26,3.2129,8.119800000000001
95,5.1,0.76,5.26,1.265,9.657300000000001
96,3.7,0.76,5.26,1.5233999999999999,7.1185
97,4.6,0.76,5.26,1.7776,5.16
98,4.9,0.76,5.26,0.9525,7.6089
99,4.6,0.76,5.26,1.5714,8.0873
100,3.9,0.76,5.26,5.5581,10.2796
101,4.1,0.76,5.26,4.0359,9.469800000000001
102,4.2,0.76,5.26,1.8881999999999999,8.4238
103,4.8,0.76,5.26,1.5441,4.0504999999999995
104,4.3,0.76,5.26,3.8889,7.7184
105,4.5,0.76,5.26,4.3389999999999995,8.7601
106,4.7,0.76,5.26,4.1974,6.555999999999999
107,4.7,0.76,5.26,4.2052,8.7254
108,5.0,0.76,5.26,7.1883,4.9302
109,5.0,0.76,5.26,10.3977,4.4384
110,5.4,0.7,4.17,1.1581,3.8274000000000004
111,5.8,0.7,4.17,1.0657,7.982499999999999
112,5.5,0.7,4.17,0.885,10.1259
113,6.3,0.7,4.17,1.7371999999999999,4.889
114,6.4,0.7,4.17,6.5901000000000005,6.300400000000001
115,7.3,0.7,4.17,7.0965,7.2683
116,5.3,0.7,4.17,3.7884,8.1663
117,7.2,0.7,4.17,1.8297,6.4775
118,7.1,0.7,4.17,2.1399999999999997,4.1450000000000005
119,6.5,0.7,4.17,3.1489000000000003,4.6438
120,6.4,0.7,4.17,3.318,5.5207
121,6.4,0.7,4.17,3.7615000000000003,6.5824
122,6.5,0.7,4.17,2.2773000000000003,10.2211
123,5.2,0.54,4.17,1.9463000000000001,11.9698
124,3.7,0.54,4.17,2.3396,9.8206
125,5.3,0.54,4.17,1.8398,8.0745
126,4.3,0.54,4.17,1.5325,11.0468
127,5.6,0.54,4.17,1.0948,12.278
128,4.4,0.54,4.17,1.2469,11.2508
129,5.0,0.54,4.17,1.5948,10.345
130,5.0,0.54,4.17,2.7924,9.5942
131,4.7,0.54,4.17,2.1233999999999997,8.4742
132,4.9,0.54,4.17,1.4729,8.6938
133,4.9,0.5,4.0,3.322,8.0659
134,5.0,0.5,4.0,2.4975,5.3042
135,3.7,0.5,4.0,2.3164000000000002,4.1138
136,4.8,0.5,4.0,2.6615,3.8941999999999997
137,5.7,0.5,4.0,4.1368,3.8284
138,4.1,0.5,4.0,4.4218,4.2865
139,3.3,0.5,4.0,8.0197,4.286700000000001
140,5.2,0.5,4.0,5.8463,4.6649
141,4.0,0.5,4.0,3.9911000000000003,2.9553
142,4.8,0.5,4.0,5.3404,3.9411
143,4.2,0.5,4.0,6.6091999999999995,4.7667
144,3.5,0.5,4.0,4.9881,3.6462000000000003
145,4.6,0.5,4.0,2.0402,2.2001
146,5.0,0.5,4.0,2.6393,3.6991000000000005
147,3.6,0.5,4.0,3.696,4.271599999999999
148,4.0,0.5,4.0,2.9093999999999998,3.241
149,3.0,0.5,4.0,2.1654,2.2173
150,6.2,0.5,4.0,2.4768,2.6143
151,5.7,0.5,4.0,3.2238999999999995,3.5754
152,5.7,0.5,4.0,3.3947,4.1359
153,3.8,0.5,4.0,1.9746,1.9553
154,4.5,0.5,4.0,1.8639,1.8576
155,5.5,0.5,4.0,2.0025999999999997,2.0559000000000003
156,7.2,0.5,4.0,2.1356,2.1156
157,4.1,0.5,4.0,2.001,2.3721
158,5.4,0.5,4.0,2.8464,2.8407999999999998
159,3.3,0.5,4.0,3.8316999999999997,3.8041
160,3.8,0.5,4.0,4.0280000000000005,3.7469
161,4.9,0.5,4.0,4.0362,4.0062
162,5.7,0.5,4.0,2.3933,2.6489
163,3.8,0.46,4.0,2.5584,2.7802000000000002
164,5.2,0.46,4.0,2.8968000000000003,3.0315000000000003
165,4.4,0.46,4.0,4.5663,4.4495
166,3.4,0.46,4.0,5.367,5.4059
167,5.0,0.46,4.0,4.5272,4.6991
168,3.8,0.46,4.0,4.49,4.4814
169,2.7,0.46,4.0,3.2362,3.6464000000000003
170,4.2,0.46,4.0,3.2554,2.9979
171,4.0,0.46,4.0,3.8808000000000002,4.1335999999999995
172,4.4,0.46,4.0,4.6479,4.7882
173,3.0,0.46,4.0,4.445,4.413799999999999
174,4.1,0.46,4.0,4.3,4.527
175,3.1,0.46,4.0,5.0813999999999995,4.6681
176,5.6,0.46,4.0,4.521100000000001,4.333
177,6.4,0.46,4.0,4.1342,4.1414
178,4.9,0.46,4.0,5.0228,5.1794
179,6.7,0.46,4.0,5.0574,5.0904
180,5.9,0.46,4.0,3.9347,3.9715
181,4.9,0.46,4.0,2.3372,2.4760999999999997
182,4.9,0.46,4.0,2.7403,2.1395
183,5.1,0.46,4.0,2.7628,3.6130000000000004
184,3.3,0.46,4.0,2.7823,3.0061
185,3.9,0.46,4.0,1.6631,1.5921
186,5.0,0.46,4.0,5.1878,4.893
187,3.4,0.46,4.0,5.2124,5.063
188,6.6,0.46,4.0,5.7388,5.7514
189,3.7,0.46,4.0,4.6886,4.4858
190,4.1,0.46,4.0,2.9674,3.1697
191,6.0,0.46,4.0,2.6526,2.4489
192,4.3,0.46,4.0,2.7688,3.0079000000000002
193,3.7,0.44,3.7,2.6287000000000003,2.5303
194,5.0,0.44,3.7,3.0364,2.9221
195,4.7,0.44,3.7,3.0416,3.0748
196,5.1,0.44,3.7,3.3434,3.6455
197,3.5,0.44,3.7,3.9218,3.8531000000000004
198,5.6,0.44,3.7,3.6717,3.2389
199,4.8,0.44,3.7,4.3641,4.233499999999999
200,4.6,0.44,3.7,4.9565,4.7372
201,5.2,0.44,3.7,5.7355,5.469799999999999
202,5.5,0.44,3.7,5.570399999999999,5.1589
203,5.5,0.44,3.7,4.2753,4.166
204,5.5,0.44,3.7,3.4993000000000003,3.4086
205,5.5,0.44,3.7,3.7241999999999997,3.6744
206,5.5,0.44,3.7,3.6768,4.8664
207,5.5,0.44,3.7,4.0119,5.5209
208,5.5,0.44,3.7,4.0369,5.7831
209,0.8,1.53,7.69,2.3479,11.3292
210,0.9,1.53,7.69,1.0871,13.214300000000001
211,1.4,1.53,7.69,4.9679,11.091199999999999
212,0.9,1.53,7.69,10.543800000000001,10.9573
213,0.8,1.53,7.69,6.3484,5.9367
214,1.0,1.53,7.69,3.1757,8.1601
215,1.5,1.53,7.69,2.2278,12.8031
216,1.4,1.53,7.69,2.0032,7.9676
217,1.0,1.53,7.69,2.854,8.116900000000001
218,1.6,1.53,7.69,3.5747,8.662799999999999
219,1.6,1.53,7.69,3.3061,10.9153
220,2.0,1.53,7.69,2.1511,9.9498
221,2.3,1.53,7.69,1.591,8.7432
222,1.5,1.53,7.69,3.8447,9.4718
223,2.0,1.53,7.69,3.4459999999999997,8.1157
224,2.0,1.53,7.69,3.5355,8.5283
225,1.6,1.53,7.69,2.3762,7.1487
226,1.2,1.53,7.69,2.164,7.6173
227,1.5,1.53,7.69,2.1,8.7927
228,1.4,1.53,7.69,2.3277,7.1966
229,1.4,1.53,7.69,5.2337,5.044499999999999
230,1.4,1.53,7.69,3.2182000000000004,8.8615
231,1.3,1.53,7.69,2.0831,11.688
232,1.2,1.53,7.69,1.1919000000000002,12.917799999999998
233,1.3,1.53,7.69,1.8891000000000002,9.7827
234,1.1,1.53,7.69,1.1900000000000002,15.293499999999998
235,1.3,1.53,7.69,1.3565,7.2117
236,1.0,1.53,7.69,1.6147000000000002,7.3281
237,1.7,1.53,7.69,2.0004999999999997,12.5526
238,1.6,1.45,7.14,3.3676,10.2865
239,1.6,1.45,7.14,4.199,10.040799999999999
240,1.9,1.45,7.14,5.8343,10.0399
241,1.7,1.45,7.14,2.4358,6.2574000000000005
242,11.8,1.02,5.56,2.5556,9.0898
243,9.6,1.02,5.56,3.2807000000000004,9.4224
244,6.7,1.02,5.56,3.1869,10.111699999999999
245,8.9,1.02,5.56,2.4128,9.260200000000001
246,8.6,1.02,5.56,2.5075,11.9914
247,9.5,1.02,5.56,2.0232,11.6062
248,9.4,1.02,5.56,2.3640000000000003,11.4403
249,9.5,1.02,5.56,3.6772,10.1315
250,9.1,1.02,5.56,3.4640999999999997,7.2090000000000005
251,10.5,1.02,5.56,2.1208,13.6941
252,10.5,1.02,5.56,2.4525,10.4976
253,9.1,1.02,5.56,2.3781,11.8703
254,9.2,1.02,5.56,3.5665000000000004,10.360700000000001
255,9.4,1.02,5.56,3.5397,7.935200000000001
256,10.0,1.02,5.56,3.2578000000000005,7.329199999999999
257,10.5,1.02,5.56,3.6957999999999998,5.539199999999999
258,8.0,1.02,5.56,2.9249,6.1813
259,9.1,1.02,5.56,3.6957999999999998,9.697600000000001
260,9.1,1.02,5.56,6.0562,8.0184
261,10.0,1.02,5.56,2.3981,10.9631
262,8.6,1.02,5.56,2.387,10.978499999999999
263,11.1,1.02,5.56,2.6152,8.708
264,9.1,1.02,5.56,2.5303,8.4966
265,9.8,1.02,5.56,5.663399999999999,5.6269
266,8.9,1.02,5.56,6.1814,6.4377
267,9.3,1.02,5.56,2.9133,4.472099999999999
268,9.1,1.02,5.56,4.8827,5.632899999999999
269,9.2,0.95,5.56,3.2571999999999997,5.8822
270,9.4,0.95,5.56,3.7375,5.453
271,7.7,0.95,5.56,3.9418,5.6867
272,10.2,0.95,5.56,6.8076,5.0192
273,9.6,0.95,5.56,6.1286,20.4081
274,10.1,0.84,5.26,5.0121,19.2835
275,11.6,0.84,5.26,4.4216,31.0021
276,11.2,0.84,5.26,5.8108,23.3954
277,10.6,0.84,5.26,4.6128,20.7941
278,9.7,0.84,5.26,2.5922,20.9349
279,9.8,0.84,5.26,2.8849,21.0829
280,8.2,0.84,5.26,4.0674,23.9138
281,11.2,0.84,5.26,2.7096,20.9023
282,9.6,0.84,5.26,2.8344,20.8284
283,10.6,0.84,5.26,2.5542,13.3307
284,11.5,0.84,5.26,2.5664,17.258699999999997
285,9.9,0.84,5.26,3.9418,17.827299999999997
286,12.4,0.84,5.26,3.428,16.0539
287,10.7,0.85,4.17,4.2879000000000005,15.060100000000002
288,12.2,0.85,4.17,4.9123,17.5045
289,11.0,0.85,4.17,4.3437,11.8917
290,10.4,0.85,4.17,3.8559,17.8992
291,11.9,0.85,4.17,3.1593999999999998,17.4514
292,11.2,0.85,4.17,2.8729999999999998,12.1251
293,9.8,0.85,4.17,2.8682,18.2867
294,10.6,0.85,4.17,3.519,22.1376
295,11.0,0.85,4.17,1.9859000000000002,16.2153
296,8.7,0.85,4.17,3.4278999999999997,11.9734
297,9.8,0.85,4.17,3.4141,19.491600000000002
298,9.5,0.85,4.17,3.4905,12.469800000000001
299,10.6,0.85,4.17,2.0465,18.220200000000002
300,9.9,0.85,4.17,2.9341,15.789100000000001
301,10.6,0.85,4.17,3.5340999999999996,15.335899999999999
302,11.8,0.85,4.17,3.4035999999999995,18.3934
303,11.7,0.85,4.17,5.3135,13.930100000000001
304,10.9,0.85,4.17,3.3767,11.2333
305,8.8,0.85,4.17,3.0727,11.6498
306,9.2,0.85,4.17,2.809,10.08
307,9.0,0.85,4.17,2.3703,10.7794
308,7.1,0.85,4.17,2.1449,10.789200000000001
309,8.8,0.85,4.17,2.8341000000000003,8.0745
310,9.0,0.85,4.17,3.3595,9.604
311,8.6,0.85,4.17,3.7197,14.8088
312,9.5,0.85,4.17,2.4379999999999997,15.481
313,8.6,0.85,4.17,1.7964,13.8682
314,10.0,0.85,4.17,2.7264,17.7122
315,8.8,0.85,4.17,1.8376,22.2717
316,8.6,0.85,4.17,2.3382,19.342100000000002
317,8.4,0.83,4.55,4.6530000000000005,15.753900000000002
318,10.0,0.83,4.55,3.5629,14.165
319,10.3,0.83,4.55,3.2060999999999997,13.7257
320,8.5,0.83,4.55,2.9061,9.1497
321,9.3,0.83,4.55,5.1808,12.0003
322,8.5,0.83,4.55,4.326300000000001,9.2685
323,8.2,0.83,4.55,2.8218,6.641900000000001
324,10.8,0.83,4.55,2.1955999999999998,8.9306
325,11.0,0.83,4.55,2.8892,9.4047
326,9.4,0.83,4.55,2.6443000000000003,5.3827
327,9.5,0.83,4.55,2.8559,6.709
328,10.0,0.83,4.55,4.1763,8.9851
329,9.2,0.83,4.55,3.1284,11.4218
330,8.6,0.83,4.55,2.8295,17.0707
331,9.8,0.83,4.55,2.9239,14.9623
332,10.8,0.83,4.55,2.5084,14.1768
333,9.7,0.83,4.55,3.2397,16.7832
334,9.4,0.83,4.55,4.1505,11.1759
335,9.2,0.83,4.55,2.7657000000000003,20.9665
336,10.2,0.83,4.55,2.2651999999999997,20.7305
337,10.0,0.83,4.55,3.3069,13.5068
338,10.8,0.83,4.55,3.5574000000000003,13.1195
339,8.1,0.83,4.55,3.9148,12.3449
340,9.4,0.83,4.55,3.0619,11.9468
341,11.1,0.83,4.55,3.0576,16.6883
342,9.9,0.83,4.55,1.799,11.8854
343,11.4,0.83,4.55,3.2571999999999997,8.3143
344,9.9,0.83,4.55,2.8247,8.3565
345,9.0,0.83,4.55,4.7433000000000005,7.89
346,10.8,0.83,4.55,4.5581000000000005,9.919
347,10.9,0.91,4.55,2.2123,20.158
348,9.7,0.91,4.55,3.5869,21.5817
349,9.6,0.91,4.55,1.9047,13.253300000000001
350,8.1,0.91,4.55,2.5644,16.8828
351,9.1,0.91,4.55,2.2458,20.055600000000002
352,7.8,0.91,4.55,2.5291,18.409
353,8.4,0.91,4.55,2.0101999999999998,11.647499999999999
354,9.8,0.91,4.55,3.5157000000000003,5.6123
355,10.9,0.91,4.55,3.2162,7.864
356,8.3,0.91,4.55,2.0965000000000003,15.4377
357,9.7,0.91,4.55,2.9598,7.2466
358,8.9,0.91,4.55,2.189,7.8291
359,10.3,0.91,4.55,3.5216,9.886000000000001
360,9.2,0.91,4.55,2.4953,8.7436
361,10.1,0.91,4.55,3.0115,11.985
362,9.0,0.91,4.55,4.3178,17.2908
363,8.6,0.91,4.55,2.5122999999999998,25.794099999999997
364,9.7,0.91,4.55,3.0488999999999997,26.923799999999996
365,8.1,0.91,4.55,3.0653,20.2377
366,10.1,0.91,4.55,2.1829,19.9696
367,8.4,0.91,4.55,2.5275,18.282799999999998
368,7.6,0.91,4.55,2.2887,11.9632
369,9.2,0.91,4.55,2.7267,10.102500000000001
370,9.1,0.91,4.55,5.8744,7.7832
371,10.3,0.91,4.55,5.2789,11.3969
372,9.5,0.91,4.55,4.0182,16.1103
373,10.2,0.91,4.55,3.0694,21.2508
374,10.5,0.91,4.55,2.1854999999999998,15.229899999999999
375,9.8,0.91,4.55,1.9716999999999998,10.4726
376,8.1,0.91,4.55,3.4373,14.942
377,7.6,0.86,4.76,2.8326000000000002,16.4905
378,9.4,0.86,4.76,2.8331,18.7815
379,11.6,0.86,4.76,3.8412,11.8555
380,9.7,0.86,4.76,3.0219,12.564900000000002
381,7.3,0.86,4.76,4.7321,17.418400000000002
382,9.3,0.86,4.76,2.7954,16.8463
383,10.3,0.86,4.76,3.3255,19.2716
384,8.8,0.86,4.76,2.5149999999999997,17.0461
385,8.0,0.86,4.76,3.447,14.5505
386,7.4,0.86,4.76,2.4253,26.826
387,8.1,0.86,4.76,3.02,26.801599999999997
388,7.4,0.86,4.76,2.1024000000000003,18.6516
389,7.6,0.86,4.76,2.7694,22.2364
390,8.5,0.86,4.76,2.7963999999999998,22.3091
391,8.4,0.86,4.76,3.5088,27.2458
392,8.7,0.86,4.76,4.4757,25.2774
393,9.7,0.86,4.76,2.7032,11.5619
394,8.0,0.86,4.76,3.1185,12.6918
395,9.0,0.86,4.76,3.467,8.3797
396,9.6,0.86,4.76,6.410299999999999,10.120999999999999
397,8.3,0.86,4.76,3.5763999999999996,7.1367
398,9.9,0.86,4.76,4.3061,7.0355
399,8.8,0.86,4.76,3.7838999999999996,7.062499999999999
400,9.5,0.86,4.76,4.3391,7.760400000000001
401,8.6,0.86,4.76,4.1727,8.6882
402,10.2,0.86,4.76,3.0266,5.9545
403,8.4,0.86,4.76,1.8398,26.6702
404,10.0,0.86,4.76,2.3092,25.4155
405,5.4,1.12,7.14,1.7327,20.8853
406,6.7,1.12,7.14,1.6353,11.425699999999999
407,6.1,1.12,7.14,1.3301,8.824300000000001
408,6.0,1.12,7.14,1.4947,12.0776
409,5.8,1.12,7.14,1.9587,11.079
410,6.4,1.12,7.14,1.4476,13.435500000000001
411,6.1,1.12,7.14,1.3579,15.9216
412,6.5,1.12,7.14,1.5754000000000001,19.5126
413,6.7,1.12,7.14,1.3637,21.2427
414,6.2,1.12,7.14,1.5899,31.9243
415,6.7,1.12,7.14,2.3970000000000002,40.0063
416,5.4,1.12,7.14,2.6363000000000003,33.7237
417,6.5,1.12,7.14,1.8911,37.0924
418,5.9,1.12,7.14,2.0838,29.938100000000002
419,6.3,1.12,7.14,1.545,25.084899999999998
420,5.6,1.12,7.14,1.4726,15.635499999999999
421,5.6,1.12,7.14,1.1518000000000002,13.7983
422,3.7,1.12,7.14,1.4690999999999999,17.2853
423,5.9,1.12,7.14,1.5874,5.744400000000001
424,5.1,1.12,7.14,2.1662,12.898599999999998
425,5.3,1.12,7.14,1.8771,15.676100000000002
426,6.0,1.12,7.14,1.8232000000000002,8.4024
427,5.0,1.12,7.14,1.6077000000000001,9.5604
428,5.3,1.25,6.67,1.6288,9.645
429,6.1,1.25,6.67,1.5487000000000002,9.3868
430,5.9,1.25,6.67,1.4345999999999999,13.547699999999999
431,6.2,1.25,6.67,3.641,23.913899999999998
432,6.1,1.25,6.67,2.1677999999999997,26.524399999999996
433,6.1,1.25,6.67,1.5217,10.590399999999999
434,5.5,1.25,6.67,1.3941999999999999,11.1539
435,6.6,1.25,6.67,1.5846,15.244399999999999
436,6.5,1.25,6.67,2.802,20.3039
437,6.6,1.25,6.67,2.0636,14.8088
438,6.4,1.25,6.67,2.2658,13.4799
439,6.4,1.25,6.67,3.345,13.6739
440,7.2,1.25,6.67,1.3426,18.919
441,6.9,1.25,6.67,1.5685,19.9308
442,6.7,1.25,6.67,2.4538,18.8621
443,6.7,1.25,6.67,1.229,13.009299999999998
444,6.6,1.25,6.67,1.3914,16.7086
445,6.0,1.25,6.67,1.7212,21.3094
446,5.9,1.25,6.67,1.6764000000000001,15.8438
447,6.8,1.25,6.67,1.3121,14.9281
448,6.4,1.25,6.67,1.1306,14.3801
449,6.2,1.25,6.67,1.0945,18.9527
450,6.1,1.25,6.67,1.9792,18.654799999999998
451,5.8,1.25,6.67,1.9336,12.433
452,5.4,1.25,6.67,1.6997000000000002,16.1263
453,5.6,1.25,6.67,1.2419,9.783999999999999
454,6.0,1.25,6.67,1.9243,18.8228
455,5.6,1.25,6.67,1.6835,13.684299999999999
456,5.6,1.25,6.67,2.1090999999999998,9.4762
457,6.7,1.25,6.67,1.4863,10.577300000000001
458,5.6,1.09,7.14,1.7704000000000002,13.1379
459,6.9,1.09,7.14,1.7061,14.416
460,5.7,1.09,7.14,2.0183,18.0011
461,6.1,1.09,7.14,2.1268,13.245899999999999
462,5.8,1.09,7.14,2.2963,17.3616
463,6.4,1.09,7.14,1.402,13.7621
464,6.7,1.09,7.14,1.7638999999999998,23.0522
465,6.7,1.09,7.14,1.6792999999999998,10.803500000000001
466,6.1,1.09,7.14,2.1677,9.5518
467,6.8,1.09,7.14,1.1319,10.9062
468,6.0,1.09,7.14,2.0338,11.023
469,5.2,1.09,7.14,1.8429000000000002,7.487000000000001
470,5.9,1.09,7.14,1.8837,15.475
471,6.3,1.09,7.14,1.5357,17.424899999999997
472,5.3,1.09,7.14,1.8849,13.713600000000001
473,5.3,1.09,7.14,1.2204,13.0114
474,7.4,1.09,7.14,1.8857,17.0256
475,6.8,1.09,7.14,2.325,15.1981
476,6.0,1.09,7.14,2.4677000000000002,9.296899999999999
477,5.8,1.09,7.14,2.8093,16.8648
478,5.8,1.09,7.14,2.9697,17.3435
479,6.8,1.09,7.14,2.0082,14.5905
480,6.1,1.09,7.14,1.8435,26.3992
481,6.1,1.09,7.14,2.3552,25.0708
482,5.8,1.09,7.14,1.4928000000000001,17.7026
483,6.1,1.09,7.14,1.7788000000000002,11.952300000000001
484,5.2,1.09,7.14,1.1303,16.8594
485,6.1,1.09,7.14,1.1998,24.5066
486,6.0,1.09,7.14,1.7766,25.7227
487,6.8,1.09,7.14,2.4722,12.8953
488,7.4,1.13,6.67,1.8061,9.9098
489,6.3,1.13,6.67,1.4132,21.3587
490,5.8,1.13,6.67,1.7017,30.9548
491,6.7,1.13,6.67,2.3399,29.548000000000002
492,6.8,1.13,6.67,1.332,25.9301
493,6.2,1.13,6.67,1.6587999999999998,13.3426
494,7.0,1.13,6.67,1.1818,13.020399999999999
495,7.0,1.13,6.67,1.6798,16.625400000000003
496,6.4,1.13,6.67,1.9532,22.6544
497,6.5,1.13,6.67,2.0361000000000002,29.8757
498,7.4,1.13,6.67,1.7536,25.323600000000003
499,7.0,1.13,6.67,1.6517,16.6222
500,6.3,1.13,6.67,1.8363999999999998,18.6437
501,5.5,1.13,6.67,1.703,18.4926
502,6.4,1.13,6.67,2.1531000000000002,9.2095
503,6.8,1.13,6.67,1.5327,10.714
504,6.3,1.13,6.67,1.7187000000000001,6.848400000000001
505,6.3,1.13,6.67,1.6040999999999999,6.3721
506,6.4,1.13,6.67,1.4441000000000002,10.291699999999999
507,7.3,1.13,6.67,1.9297000000000002,8.2887
508,7.4,1.13,6.67,1.7805000000000002,11.3744
509,6.8,1.13,6.67,1.8981000000000001,7.6558
510,7.0,1.13,6.67,2.6845999999999997,15.065500000000002
511,6.5,1.13,6.67,1.7392,13.2383
512,6.9,1.13,6.67,1.3861999999999999,9.8352
513,6.8,1.13,6.67,2.3435,8.8656
514,6.6,1.13,6.67,2.3478,12.740099999999998
515,7.4,1.13,6.67,1.3542999999999998,9.4271
516,7.3,1.13,6.67,3.6559,9.325700000000001
517,5.7,1.13,6.67,1.7724,19.419900000000002
518,6.7,1.1,6.25,1.7510999999999999,20.4764
519,5.9,1.1,6.25,1.7246000000000001,12.3835
520,6.1,1.1,6.25,2.5951999999999997,17.583099999999998
521,7.1,1.1,6.25,2.0478,17.5807
522,6.5,1.1,6.25,1.9772999999999998,9.7729
523,6.5,1.1,6.25,2.1386,9.2724
524,6.0,1.1,6.25,1.214,14.3687
525,7.1,1.1,6.25,2.5467,18.4585
526,6.3,1.1,6.25,1.7668,16.9105
527,6.6,1.1,6.25,1.4821,12.4065
528,6.5,1.1,6.25,1.8964999999999999,13.2939
529,5.8,1.1,6.25,1.5504,8.9865
530,6.6,1.1,6.25,1.6367,7.072100000000001
531,7.8,1.1,6.25,1.4218,10.2812
532,6.2,1.1,6.25,1.5637,10.7924
533,6.3,1.1,6.25,2.223,13.869699999999998
534,5.8,1.1,6.25,2.8942,8.2794
535,5.7,1.1,6.25,2.0524,9.0389
536,7.0,1.1,6.25,2.2540999999999998,10.976700000000001
537,6.1,1.1,6.25,2.0389999999999997,10.7741
538,6.4,1.1,6.25,2.0629999999999997,14.2483
539,7.0,1.1,6.25,1.7028,14.5911
540,6.3,1.1,6.25,2.4367,8.9667
541,6.0,1.1,6.25,2.6362,13.0303
542,5.6,1.1,6.25,1.9223000000000001,15.928
543,6.4,1.1,6.25,2.0663,17.0465
544,6.3,1.1,6.25,2.451,21.0654
545,4.7,1.1,6.25,3.0465,16.4644
546,6.7,1.1,6.25,2.0949,12.2786
547,7.1,1.1,6.25,1.583,8.82
548,6.3,1.02,6.25,3.0487,11.1447
549,6.4,1.02,6.25,27.325100000000003,15.739600000000001
550,5.7,1.02,6.25,3.9019,9.71
551,6.6,1.02,6.25,2.4032999999999998,9.485899999999999
552,6.7,1.02,6.25,1.8186,9.2576
553,6.9,1.02,6.25,1.4944000000000002,13.858799999999999
554,6.4,1.02,6.25,1.5594999999999999,21.3235
555,6.7,1.02,6.25,2.2016,19.4475
556,7.1,1.02,6.25,1.6646,25.2954
557,6.2,1.02,6.25,1.1995,23.4765
558,6.5,1.02,6.25,1.3705,22.9948
559,6.0,1.02,6.25,1.5626999999999998,22.21
560,6.4,1.02,6.25,1.8453000000000002,14.674599999999998
561,6.3,1.02,6.25,1.6570999999999998,19.6296
562,7.0,1.02,6.25,1.1138000000000001,19.6939
563,6.7,1.02,6.25,2.0420000000000003,21.907
564,6.6,1.02,6.25,1.5942999999999998,27.587
565,6.9,1.02,6.25,1.8643,19.7985
566,7.1,1.02,6.25,2.057,11.6035
567,6.3,1.02,6.25,1.8332000000000002,20.2189
568,6.4,1.02,6.25,2.2793,17.823900000000002
569,7.2,1.02,6.25,1.6468,14.691899999999999
570,6.9,1.02,6.25,1.8827,18.195
571,6.5,1.02,6.25,1.9040000000000001,15.3374
572,6.9,1.02,6.25,2.3342,13.7825
573,7.3,1.02,6.25,1.8247,12.198599999999999
574,6.6,1.02,6.25,2.198,15.5364
575,6.2,1.02,6.25,2.0486,7.665800000000001
576,7.1,1.02,6.25,1.5294,8.8466
577,6.5,1.02,6.25,2.1123,13.750000000000002
578,6.5,0.96,5.56,1.3787,11.867999999999999
579,7.1,0.96,5.56,1.7686,9.9103
580,6.9,0.96,5.56,1.6768999999999998,11.0292
581,6.6,0.96,5.56,1.6158,11.6333
582,6.9,0.96,5.56,1.3868,14.154800000000002
583,7.4,0.96,5.56,1.4374,15.8087
584,6.4,0.96,5.56,1.2278,8.4727
585,6.8,0.96,5.56,1.2652,8.867700000000001
586,7.1,0.96,5.56,2.0997,7.711600000000001
587,7.0,0.96,5.56,1.8091,8.9649
588,6.5,0.96,5.56,1.2071,12.5478
589,7.1,0.96,5.56,1.4618,12.9157
590,6.3,0.96,5.56,1.3341,11.473600000000001
591,7.1,0.96,5.56,1.8241,8.4816
592,6.4,0.96,5.56,1.204,10.4584
593,6.5,0.96,5.56,1.0621,13.6785
594,6.8,0.96,5.56,1.1445,11.8516
595,5.5,0.96,5.56,2.1441000000000003,18.2985
596,6.7,0.96,5.56,1.7666000000000002,14.553099999999999
597,6.1,0.96,5.56,1.4508999999999999,9.5512
598,5.9,0.96,5.56,1.5208,9.5706
599,6.9,0.96,5.56,2.4785999999999997,10.314
600,6.0,0.96,5.56,1.7614,11.956700000000001
601,5.0,0.96,5.56,1.6968,11.207
602,4.8,0.96,5.56,2.2653,15.104000000000001
603,5.1,0.96,5.56,1.9991999999999999,24.786
604,5.5,0.96,5.56,5.3736,18.9181
605,5.1,0.96,5.56,3.5359000000000003,23.034
606,5.8,0.96,5.56,1.4848999999999999,29.8777
607,5.1,0.96,5.56,1.4116,26.017200000000003
608,6.6,1.0,5.56,1.4967,19.354599999999998
609,7.0,1.0,5.56,1.5838,19.314600000000002
610,6.5,1.0,5.56,1.3649,12.181000000000001
611,6.2,1.0,5.56,1.2771,14.3041
612,6.6,1.0,5.56,1.0708,18.4707
613,4.7,1.0,5.56,1.9758999999999998,10.9145
614,6.4,1.0,5.56,1.6871,8.815000000000001
615,5.9,1.0,5.56,2.1403,6.2118
616,5.0,1.0,5.56,0.9504,10.9466
617,6.0,1.0,5.56,0.9025,8.632299999999999
618,6.1,1.0,5.56,1.5640999999999998,12.3806
619,5.0,1.0,5.56,1.2601,18.584400000000002
620,5.1,1.0,5.56,1.5174999999999998,22.3625
621,5.4,1.0,5.56,1.0199,18.2481
622,6.0,1.0,5.56,0.9575999999999999,20.507
623,6.1,1.0,5.56,1.3733,17.9404
624,5.7,1.0,5.56,1.6176,12.5764
625,5.7,1.0,5.56,1.7005,10.5548
626,6.0,1.0,5.56,1.4231,9.2691
627,6.2,1.0,5.56,2.1756,12.081999999999999
628,5.1,1.0,5.56,1.0641,4.9676
629,5.9,1.0,5.56,1.4462,10.259400000000001
630,6.3,1.0,5.56,1.4647999999999999,16.1992
631,6.2,1.0,5.56,1.0867,17.3159
632,5.5,1.0,5.56,1.7702,9.2808
633,5.1,1.0,5.56,2.2836,8.7246
634,6.1,1.0,5.56,1.6750999999999998,5.8747
635,6.1,1.0,5.56,1.4666000000000001,10.5525
636,6.1,1.0,5.56,1.5206000000000002,6.8664000000000005
637,6.6,1.0,5.56,2.2109,7.4665
638,6.6,1.0,5.88,2.1093,11.1299
639,6.6,1.0,5.88,1.5246,11.1929
640,6.6,1.0,5.88,1.3663,13.716500000000002
641,6.6,1.0,5.88,2.0574,15.473400000000002
642,6.6,1.0,5.88,2.1902999999999997,11.9779
643,6.6,1.0,5.88,3.2779000000000003,10.797600000000001
644,6.6,1.0,5.88,1.5296,5.786899999999999
645,6.6,1.0,5.88,1.1502000000000001,16.7181
646,6.6,1.0,5.88,2.7175000000000002,14.377699999999999
647,6.6,1.0,5.88,1.6854999999999998,14.0727
648,6.6,1.0,5.88,1.5646,8.5601
649,6.6,1.0,5.88,1.1148,8.8325
650,6.6,1.0,5.88,2.0351,6.626799999999999
651,6.6,1.0,5.88,4.4355,9.346300000000001
652,6.6,1.0,5.88,5.235399999999999,8.8561
653,6.6,1.0,5.88,5.9074,16.842299999999998
654,6.6,1.0,5.88,2.229,11.3015
655,6.6,1.0,5.88,1.4536,7.9653
656,6.6,1.0,5.88,0.988,5.7508
657,6.6,1.0,5.88,1.8974000000000002,6.0676
658,6.6,1.0,5.88,2.2809,7.3994
659,6.6,1.0,5.88,1.1891,11.469899999999999
660,6.6,1.0,5.88,1.5854,12.357999999999999
661,6.6,1.0,5.88,2.4802999999999997,7.8269
662,6.6,1.0,5.88,1.3398,9.9679
663,6.6,1.0,5.88,1.8159,11.2907
664,6.6,1.0,5.88,2.0431999999999997,11.723500000000001
665,6.6,1.0,5.88,1.0319,7.576099999999999
666,6.6,1.0,5.88,1.4663000000000002,7.3079
667,6.6,1.0,5.88,1.2771,11.1942
668,6.6,1.02,5.56,1.3878,13.3097
669,6.6,1.02,5.56,1.4971,12.4014
670,6.6,1.02,5.56,1.5396999999999998,13.2658
671,6.6,1.02,5.56,1.7652,14.2468
672,6.6,1.02,5.56,2.0883,16.9696
673,6.6,1.02,5.56,1.4324,14.4237
674,6.6,1.02,5.56,1.3672,9.8009
675,6.6,1.02,5.56,1.4235,9.7342
676,6.6,1.02,5.56,1.1432,13.179099999999998
677,6.6,1.02,5.56,1.1708,16.743199999999998
678,6.6,1.02,5.56,1.3918,11.3582
679,6.6,1.02,5.56,1.5713000000000001,9.870099999999999
680,6.6,1.02,5.56,3.7511,11.9079
681,6.6,1.02,5.56,3.0758,10.7953
682,6.6,1.02,5.56,2.0228,9.5525
683,6.6,1.02,5.56,2.1683999999999997,7.8624
684,6.6,1.02,5.56,1.4708999999999999,12.520000000000001
685,6.6,1.02,5.56,1.6094000000000002,9.8247
686,6.6,1.02,5.56,1.8817,9.1591
687,6.6,1.02,5.56,2.2658,11.142900000000001
688,6.6,1.02,5.56,1.3820000000000001,11.805499999999999
689,6.6,1.02,5.56,1.8838000000000001,9.4467
690,6.6,1.02,5.56,2.7566,10.2
691,6.6,1.02,5.56,1.7708000000000002,9.271899999999999
692,6.6,1.02,5.56,1.045,9.168700000000001
693,6.6,1.02,5.56,1.6592,11.5515
694,6.6,1.02,5.56,1.4184,9.6522
695,6.6,1.02,5.56,1.9583,9.1608
696,6.6,1.02,5.56,2.1909,6.4874
697,6.6,1.02,5.56,1.6338,9.6249
698,6.6,0.96,5.56,1.2242,6.701699999999999
699,6.6,0.96,5.56,4.0249,5.6214
700,6.6,0.96,5.56,8.854099999999999,7.2408
701,6.6,0.96,5.56,7.7889,9.3377
702,6.6,0.96,5.56,6.7334000000000005,9.5162
703,6.6,1.13,14.29,3.8966000000000003,6.2583
704,6.6,1.13,14.29,2.4742,4.4475
705,6.6,1.13,14.29,1.9709,5.3145999999999995
706,6.6,1.08,13.33,1.8141,7.1771
707,6.6,1.08,13.33,2.0894,7.3396
708,6.6,1.08,13.33,1.8318999999999999,9.2301
709,6.6,1.08,13.33,2.6458,10.553899999999999
710,6.6,1.08,13.33,7.162300000000001,6.0148
711,6.6,1.08,13.33,6.914,6.1253
712,6.6,1.08,13.33,7.8909,4.737100000000001
713,6.6,1.08,13.33,8.0436,6.812899999999999
714,6.6,1.08,13.33,8.715,8.9481
715,6.6,1.08,13.33,7.5422,5.1218
716,6.6,1.08,13.33,6.125,5.4735
717,7.4,0.65,9.09,2.6824,5.8651
718,5.6,0.65,9.09,2.8993,5.3425
719,7.1,0.65,9.09,5.7748,5.3187
720,7.1,0.65,9.09,1.6336,4.1619
721,5.7,0.65,9.09,4.3403,5.0368
722,5.8,0.65,9.09,3.9146,5.5098
723,8.3,0.65,9.09,2.0456,4.9078
724,7.7,0.65,9.09,3.108,7.3021
725,7.2,0.65,9.09,2.5090000000000003,5.4302
726,6.5,0.65,9.09,2.9671,3.3687
727,5.4,0.65,9.09,4.5307,2.2415000000000003
728,7.4,0.65,9.09,5.3388,3.2392999999999996
729,6.8,0.65,9.09,6.1447,3.7328
730,7.0,0.65,9.09,2.1825,2.1709
731,5.9,0.65,9.09,5.344,2.9225999999999996
732,7.0,0.65,9.09,5.8514,1.9633
733,7.3,0.65,9.09,3.4316,3.5018000000000002
734,6.8,0.65,9.09,8.5561,4.3676
735,7.2,0.65,9.09,4.537100000000001,3.0481000000000003
736,7.9,0.65,9.09,3.8861,4.508100000000001
737,6.9,0.65,9.09,6.7471000000000005,2.3617
738,5.9,0.65,9.09,2.5191000000000003,2.0385
739,5.6,0.65,9.09,2.2266999999999997,4.6998999999999995
740,7.0,0.65,9.09,5.3415,3.0023
741,8.6,0.65,9.09,3.5448,2.7353
742,8.3,0.65,9.09,2.71,3.3062
743,7.6,0.65,9.09,2.5304,2.3688000000000002
744,7.0,0.65,9.09,7.8166,2.7237999999999998
745,6.3,0.65,9.09,2.7463,2.315
746,5.8,0.65,9.09,1.9336,1.8520999999999999
747,7.8,0.65,9.09,1.7662,2.3483
748,7.3,0.65,9.09,2.4411,1.9480000000000002
749,7.5,0.65,9.09,3.0416,2.7588999999999997
750,6.2,0.65,9.09,2.3015,2.2801
751,6.2,0.65,9.09,4.6282,2.5524999999999998
752,7.1,0.65,9.09,3.1576,2.9488
753,7.4,0.65,9.09,3.3749000000000002,2.9194999999999998
754,7.7,0.65,9.09,2.7046,2.7127
755,5.8,0.65,9.09,3.5738,3.0606
756,7.2,0.65,9.09,7.9555,2.1822
757,6.6,0.65,9.09,3.7062999999999997,3.3545
758,6.3,0.65,9.09,2.4657,2.1909
759,6.5,0.65,9.09,5.3812,5.4306
760,6.3,0.65,9.09,5.8503,5.1867
761,8.2,0.65,9.09,3.9032999999999998,3.7877
762,6.9,0.65,9.09,3.0225,2.7094
763,5.5,0.65,9.09,3.4252,2.9386
764,6.1,0.65,9.09,3.2489,2.9629
765,6.7,0.65,9.09,4.3548,4.4799999999999995
766,5.1,0.65,9.09,5.708,4.4318
767,6.6,0.65,9.09,13.636499999999998,3.9155
768,7.5,0.65,9.09,6.7033,3.2597
769,7.1,0.65,9.09,3.0064,2.3601
770,7.6,0.65,9.09,2.358,2.1395999999999997
771,6.7,0.65,9.09,1.8762999999999999,2.334
772,7.7,0.65,9.09,3.9354,2.8469
773,7.3,0.65,9.09,3.2634999999999996,2.1591
774,6.8,0.65,9.09,2.4479,1.976
775,5.8,0.65,9.09,2.2309,2.2984999999999998
776,6.9,0.65,9.09,2.2687,2.0089
777,6.5,0.65,9.09,3.0478,2.3213
778,7.0,0.65,9.09,2.1826000000000003,1.7246000000000001
779,7.6,0.65,9.09,2.2514,2.2293
780,7.0,0.65,9.09,2.7300999999999997,2.3008
781,6.2,0.65,9.09,3.7205000000000004,3.5014999999999996
782,4.5,0.65,9.09,2.6708,2.7984999999999998
783,6.2,0.65,9.09,3.1008,2.7363
784,6.8,0.65,9.09,4.506,4.6555
785,8.0,0.65,9.09,5.6352,3.5416000000000003
786,7.5,0.65,9.09,2.467,2.6517
787,7.5,0.65,9.09,2.3516,1.9352999999999998
788,5.8,0.65,9.09,5.9110000000000005,3.2935
789,7.6,0.65,9.09,6.1025,3.4452999999999996
790,7.7,0.65,9.09,3.2481999999999998,3.3840000000000003
791,7.3,0.65,9.09,2.4635000000000002,2.5777
792,6.9,0.65,9.09,2.138,2.3361
793,6.3,0.65,9.09,2.117,2.2847
794,5.9,0.65,9.09,2.9123,3.0917
795,6.0,0.65,9.09,3.2248,2.3666
796,7.3,0.65,9.09,4.4023,3.0589999999999997
797,8.5,0.65,9.09,6.1304,2.6604
798,7.5,0.65,9.09,3.1035,2.7952
799,6.6,0.65,9.09,3.3836,3.6277999999999997
800,8.2,0.65,9.09,2.8637,2.7757
801,7.0,0.65,9.09,2.1016,2.2748999999999997
802,5.8,0.65,9.09,2.2447000000000004,2.0142
803,6.1,0.65,9.09,5.2674,3.5672
804,5.8,0.65,9.09,3.6651000000000002,3.2006
805,6.7,0.65,9.09,2.3893,2.3255000000000003
806,7.5,0.65,9.09,2.2285,2.0282
807,6.7,0.65,9.09,2.6351,2.6129
808,7.5,0.65,9.09,3.3348000000000004,3.276
809,6.1,0.65,9.09,5.4188,3.8406999999999996
810,7.7,0.65,9.09,5.0629,3.6183
811,8.1,0.65,9.09,2.9902,3.2498
812,7.2,0.65,9.09,3.0239,2.7715
813,6.8,0.65,9.09,3.0102,2.8143000000000002
814,8.4,0.65,9.09,3.382,3.3917
815,8.3,0.65,9.09,4.0217,2.5968
816,8.1,0.65,9.09,4.03,2.5940000000000003
817,7.5,0.65,9.09,3.5048999999999997,3.3682
818,7.6,0.65,9.09,2.7366,2.5529
819,7.9,0.65,9.09,4.563,3.29
820,7.8,0.65,9.09,3.8629,3.1794999999999995
821,7.0,0.65,9.09,2.2242,1.7513
822,5.6,0.65,9.09,2.2041999999999997,2.3089
823,8.4,0.65,9.09,2.2079,2.5305
824,6.8,0.65,9.09,3.3657,8.7707
825,7.2,0.65,9.09,3.7628000000000004,3.882
826,7.4,0.65,9.09,2.6616,2.291
827,7.5,0.65,9.09,2.1123,2.475
828,7.3,0.65,9.09,2.8514999999999997,2.1751
829,8.5,0.65,9.09,1.4068,1.6708
830,6.8,0.65,9.09,2.2559,1.8399999999999999
831,7.2,0.65,9.09,3.0231,2.069
832,7.3,0.65,9.09,4.3878,3.3026
833,6.7,0.65,9.09,3.6741,2.2686
834,5.9,0.65,9.09,3.9465,2.665
835,8.5,0.65,9.09,3.6799,2.6875
836,8.1,0.65,9.09,2.8648,1.8491
837,7.3,0.65,9.09,4.9357999999999995,3.237
838,7.2,0.65,9.09,5.6331,2.8830999999999998
839,6.7,0.65,9.09,2.7744999999999997,2.7371
840,6.8,0.65,9.09,4.6024,2.4985
841,9.5,0.65,9.09,7.0079,1.8529
842,8.2,0.65,9.09,2.07,1.4357
843,8.4,0.65,9.09,1.7509000000000001,1.7123
844,8.4,0.65,9.09,2.2322,2.629
845,9.2,0.65,9.09,3.9484,4.5299
846,8.8,0.65,9.09,2.5002,1.9483000000000001
847,9.1,0.65,9.09,2.1795,2.2872
848,8.1,0.65,9.09,3.0037000000000003,2.8869
849,8.0,0.65,9.09,3.2023,2.173
850,7.1,0.65,9.09,2.5117000000000003,2.311
851,7.1,0.65,9.09,2.3431,2.6684
852,8.2,0.65,9.09,2.7672,2.5183
853,8.1,0.65,9.09,2.9823,2.644
854,7.9,0.65,9.09,2.6427,2.4655
855,7.8,0.65,9.09,2.5728,2.2424
856,8.6,0.65,9.09,3.4879000000000002,2.4543
857,8.2,0.65,9.09,2.7075,2.2419000000000002
858,9.0,0.65,9.09,2.8230999999999997,2.3985
859,8.4,0.65,9.09,2.3813,2.7453000000000003
860,8.2,0.65,9.09,3.3775,2.3413
861,6.8,0.65,9.09,2.962,2.4823
862,8.5,0.65,9.09,3.8031,2.7949
863,11.3,0.65,9.09,3.1023,2.2433
864,7.5,0.65,9.09,3.104,3.0979
865,9.3,0.65,9.09,2.4392,3.3301999999999996
866,8.0,0.65,9.09,3.2487000000000004,2.9213
867,9.6,0.65,9.09,3.6715999999999998,3.5702
868,7.5,0.65,9.09,2.9766999999999997,3.7605
869,8.1,0.65,9.09,2.0963,1.5599999999999998
870,10.1,0.65,9.09,2.3722,1.8370000000000002
871,8.0,0.65,9.09,1.5837,1.8020999999999998
872,1.8,1.23,9.09,6.975099999999999,6.0665
873,2.2,1.23,9.09,5.2113,4.8824
874,1.6,1.23,9.09,4.3203,12.979
875,2.1,1.23,9.09,6.3032,12.847
876,2.1,1.23,9.09,6.0878000000000005,6.524299999999999
877,1.7,1.23,9.09,5.5615,6.494700000000001
878,1.5,1.23,9.09,7.1072999999999995,8.0794
879,1.2,1.23,9.09,7.7903,7.6348
880,4.8,0.76,5.56,2.753,11.2678
881,5.1,0.76,5.56,2.0977,8.6576
882,6.0,0.76,5.56,1.6199999999999999,12.998899999999999
883,4.7,0.76,5.56,1.5823,19.7026
884,5.7,0.76,5.56,3.3874,18.8947
885,5.2,0.76,5.56,2.5461,13.9643
886,6.0,0.76,5.56,1.2762,9.7095
887,6.6,0.76,5.56,1.4139000000000002,10.0709
888,5.2,0.76,5.56,1.5254,11.0837
889,5.6,0.76,5.56,2.632,12.195599999999999
890,5.4,0.76,5.56,2.4125,15.088099999999999
891,4.9,0.78,5.26,1.6679,14.6736
892,5.0,0.78,5.26,2.4968,12.532399999999999
893,5.5,0.78,5.26,3.304,12.7552
894,4.9,0.78,5.26,3.9218999999999995,10.3849
895,4.9,0.78,5.26,4.0954,13.6715
896,5.4,0.78,5.26,2.6911,19.0593
897,4.5,0.78,5.26,3.3912999999999998,19.935200000000002
898,5.6,0.78,5.26,3.4146,16.5765
899,3.9,0.78,5.26,2.6672000000000002,9.9068
900,4.2,0.78,5.26,2.87,9.9632
901,5.4,0.78,5.26,2.3799,7.6365
902,5.3,0.78,5.26,2.0233999999999996,11.0512
903,5.0,0.78,5.26,2.3641,9.8915
904,5.2,0.78,5.26,2.9293,10.2443
905,4.3,0.78,5.26,2.4663999999999997,10.005899999999999
906,5.7,0.78,5.26,1.35,10.471400000000001
907,5.0,0.78,5.26,0.8314999999999999,14.649999999999999
908,4.4,0.78,5.26,1.9526000000000001,10.886800000000001
909,5.9,0.78,5.26,2.4017,5.7341999999999995
910,5.8,0.78,5.26,2.5814,9.0941
911,5.4,0.78,5.26,1.8812,11.2416
912,4.4,0.78,5.26,1.9221,9.2928
913,5.1,0.78,5.26,2.5997,11.204
914,3.3,0.78,5.26,2.1454999999999997,10.895299999999999
915,3.5,0.78,5.26,2.4851,13.718900000000001
916,6.2,0.78,5.26,1.5938999999999999,12.540999999999999
917,5.6,0.78,5.26,1.2178,7.2254
918,4.6,0.78,5.26,2.1864000000000003,9.1046
919,4.4,0.78,5.26,2.4825,15.339
920,3.4,0.78,5.26,2.4009,10.8125
921,4.6,0.8,5.0,1.7092,18.9859
922,4.5,0.8,5.0,2.6497,18.72
923,4.5,0.8,5.0,1.8748,17.331
924,4.1,0.8,5.0,2.563,16.717000000000002
925,3.7,0.8,5.0,1.9751999999999998,14.7716
926,4.3,0.8,5.0,3.1637,11.6962
927,3.6,0.8,5.0,2.2887,13.3879
928,5.8,0.8,5.0,2.8122000000000003,13.239899999999999
929,4.0,0.8,5.0,3.2063,12.6304
930,2.6,0.8,5.0,4.0112000000000005,11.3478
931,4.1,0.8,5.0,3.4228,9.703000000000001
932,4.5,0.8,5.0,1.5963,9.0815
933,4.1,0.8,5.0,1.4637,12.075700000000001
934,4.2,0.8,5.0,2.4891,11.4163
935,3.3,0.8,5.0,2.5364,9.6914
936,3.9,0.8,5.0,2.7705,11.1428
937,5.1,0.8,5.0,2.1631,14.046
938,4.8,0.8,5.0,2.8005,13.9073
939,5.7,0.8,5.0,2.6151,8.9622
940,4.5,0.8,5.0,1.9193000000000002,14.2315
941,6.1,0.8,5.0,2.2476,7.0925
942,5.0,0.8,5.0,2.4672,10.6058
943,5.2,0.8,5.0,3.8405,10.987
944,4.8,0.8,5.0,1.8363,14.931
945,3.8,0.8,5.0,1.3092,14.092699999999999
946,3.5,0.8,5.0,1.9363,16.5274
947,3.1,0.8,5.0,1.5755000000000001,23.6798
948,4.3,0.8,5.0,2.3424,22.1555
949,5.5,0.8,5.0,2.4615,19.281000000000002
950,3.1,0.8,5.0,3.4521999999999995,11.792
951,2.9,0.74,5.0,3.8753,13.250600000000002
952,5.8,0.74,5.0,2.1458,12.0597
953,4.9,0.74,5.0,2.0422,8.9982
954,4.2,0.74,5.0,3.7718000000000003,12.812299999999999
955,5.2,0.74,5.0,2.8022,5.4073
956,4.8,0.74,5.0,3.1328,6.949
957,5.0,0.74,5.0,5.01,10.509599999999999
958,4.1,0.74,5.0,5.1396999999999995,10.5008
959,5.5,0.74,5.0,3.8971999999999998,14.6944
960,4.4,0.74,5.0,2.1329000000000002,14.7232
961,5.6,0.74,5.0,1.9114,15.3931
962,5.8,0.74,5.0,2.1356,13.0447
963,5.7,0.74,5.0,1.5225,7.070799999999999
964,5.9,0.74,5.0,1.6615000000000002,15.304200000000002
965,4.5,0.74,5.0,2.6919,15.387999999999998
966,5.2,0.74,5.0,2.328,20.2639
967,5.6,0.74,5.0,3.7053999999999996,17.3361
968,5.7,0.74,5.0,2.8571,12.1425
969,6.1,0.74,5.0,2.0345,9.2836
970,5.1,0.74,5.0,2.1363,7.313400000000001
971,5.7,0.74,5.0,2.1111,10.4811
972,5.4,0.74,5.0,2.3756,10.8568
973,5.7,0.74,5.0,2.4677000000000002,14.505399999999998
974,3.8,0.74,5.0,3.492,16.1446
975,4.5,0.74,5.0,2.4278,13.2805
976,4.9,0.74,5.0,3.1329000000000002,13.7353
977,4.6,0.74,5.0,2.5929,9.6556
978,5.4,0.74,5.0,3.1485,11.0569
979,4.7,0.74,5.0,3.2936,8.4108
980,4.4,0.74,5.0,3.6923999999999997,8.0193
981,3.2,0.7,4.76,2.6609000000000003,11.8046
982,5.2,0.7,4.76,3.3236000000000003,21.434
983,4.9,0.7,4.76,3.7811999999999997,19.916900000000002
984,4.6,0.7,4.76,2.5499,15.983600000000001
985,5.0,0.7,4.76,1.4862,15.926599999999999
986,4.2,0.7,4.76,2.1019,11.2768
987,3.4,0.7,4.76,2.2748,10.387599999999999
988,2.9,0.7,4.76,1.8497,14.4549
989,4.5,0.7,4.76,2.7512000000000003,7.102600000000001
990,7.2,0.7,4.76,2.2277,8.1156
991,4.1,0.7,4.76,1.2761,14.411399999999999
992,4.7,0.7,4.76,2.0631,13.9066
993,4.1,0.7,4.76,2.2091,16.1132
994,4.0,0.7,4.76,2.0939,14.7202
995,3.6,0.7,4.76,2.8299000000000003,16.7899
996,4.9,0.7,4.76,1.2335,6.997599999999999
997,5.3,0.7,4.76,1.1656,14.8147
998,4.0,0.7,4.76,2.0458,11.4961
999,4.4,0.7,4.76,2.1543,13.1852
1000,4.2,0.7,4.76,2.0312,7.786700000000001
1001,3.9,0.7,4.76,1.9213,12.751299999999999
1002,4.4,0.7,4.76,2.6975,12.7001
1003,3.5,0.7,4.76,2.8506,16.0294
1004,4.0,0.7,4.76,1.7996999999999999,16.9012
1005,3.6,0.7,4.76,1.6756,16.451
1006,3.5,0.7,4.76,1.9444,12.0235
1007,4.2,0.7,4.76,1.4554,7.2973
1008,3.1,0.7,4.76,1.4721,9.661200000000001
1009,3.7,0.7,4.76,1.1587999999999998,9.903599999999999
1010,3.7,0.7,4.76,3.2308999999999997,9.8774
1011,3.1,0.7,4.55,5.138,11.7965
1012,3.7,0.7,4.55,6.431000000000001,10.8238
1013,4.6,0.7,4.55,4.7808,12.676000000000002
1014,3.9,0.7,4.55,2.9215,9.956199999999999
1015,5.4,0.7,4.55,2.0368,15.990699999999999
1016,4.6,0.7,4.55,1.8360999999999998,14.266200000000001
1017,5.0,0.7,4.55,1.9193000000000002,10.1899
1018,4.7,0.7,4.55,1.7774,7.3972
1019,4.1,0.7,4.55,1.3003,12.573699999999999
1020,3.5,0.7,4.55,1.3253,7.3315
1021,4.2,0.7,4.55,2.8329,6.483
1022,4.0,0.7,4.55,2.1940999999999997,5.1872
1023,5.4,0.7,4.55,1.8316,16.9284
1024,2.9,0.7,4.55,1.9678,17.589299999999998
1025,4.3,0.7,4.55,2.705,18.9026
1026,3.8,0.7,4.55,2.4975,14.6516
1027,3.6,0.7,4.55,1.9560000000000002,11.7531
1028,4.5,0.7,4.55,2.4779,10.3609
1029,3.5,0.7,4.55,1.5086,9.4056
1030,3.4,0.7,4.55,2.6711,8.6049
1031,2.7,0.7,4.55,1.3981000000000001,8.076
1032,4.7,0.7,4.55,1.3045,11.8047
1033,3.4,0.7,4.55,2.4864,19.054399999999998
1034,4.1,0.7,4.55,3.2595,16.6458
1035,4.6,0.7,4.55,3.7994,17.4468
1036,5.1,0.7,4.55,1.3614,15.2676
1037,4.8,0.7,4.55,1.7305000000000001,22.7334
1038,5.0,0.7,4.55,1.9919,27.605200000000004
1039,4.0,0.7,4.55,2.7739,23.1149
1040,3.8,0.7,4.55,2.6269,14.7563
1041,4.2,0.68,4.76,3.5688999999999997,20.8517
1042,4.3,0.68,4.76,4.2153,17.4964
1043,4.1,0.68,4.76,3.5395000000000003,15.796199999999999
1044,3.8,0.68,4.76,1.8041,9.3492
1045,3.9,0.68,4.76,3.3214,7.635300000000001
1046,3.8,0.68,4.76,4.4075999999999995,7.891299999999999
1047,4.6,0.68,4.76,5.0153,10.105400000000001
1048,3.2,0.68,4.76,2.7588999999999997,11.3857
1049,2.2,0.68,4.76,2.597,7.8642
1050,3.8,0.68,4.76,1.2111,8.7808
1051,5.5,0.68,4.76,3.2455,8.064
1052,5.1,0.68,4.76,3.9613,12.0171
1053,4.8,0.68,4.76,1.8094,9.494
1054,3.9,0.68,4.76,2.8928,8.3891
1055,3.5,0.68,4.76,1.5069000000000001,9.600999999999999
1056,4.8,0.68,4.76,2.5395000000000003,11.9591
1057,3.7,0.68,4.76,2.0821,11.260100000000001
1058,3.3,0.68,4.76,2.108,12.917100000000001
1059,3.9,0.68,4.76,3.0862,12.894
1060,4.9,0.68,4.76,1.5377999999999998,9.9103
1061,3.8,0.68,4.76,1.7686,11.274000000000001
1062,3.9,0.68,4.76,1.5252,7.513
1063,4.0,0.68,4.76,1.5658999999999998,8.0246
1064,2.7,0.68,4.76,1.2808,7.837199999999999
1065,4.1,0.68,4.76,2.1372,10.322099999999999
1066,3.2,0.68,4.76,2.3819,11.350200000000001
1067,4.1,0.68,4.76,2.2414,9.9175
1068,4.5,0.68,4.76,2.3378,12.847
1069,4.6,0.68,4.76,1.7937,10.4726
1070,4.4,0.68,4.76,1.4106,6.662800000000001
1071,4.6,0.65,4.55,2.828,5.0311
1072,4.3,0.65,4.55,2.7319,7.913
1073,3.9,0.65,4.55,1.8192,8.854800000000001
1074,4.4,0.65,4.55,1.5903,15.7721
1075,3.5,0.65,4.55,1.9134000000000002,15.370500000000002
1076,3.7,0.65,4.55,1.9337,8.9323
1077,3.7,0.65,4.55,2.1897,12.859000000000002
1078,4.0,0.65,4.55,1.9649,13.6021
1079,4.0,0.65,4.55,0.9887,10.6882
1080,5.0,0.65,4.55,2.3587000000000002,10.578899999999999
1081,4.9,0.65,4.55,2.9057,6.955
1082,3.6,0.65,4.55,3.4890999999999996,13.186700000000002
1083,4.5,0.65,4.55,2.6317,16.602700000000002
1084,3.9,0.65,4.55,3.7666,19.1053
1085,3.8,0.65,4.55,4.2216,16.0961
1086,4.3,0.65,4.55,3.0831,19.1809
1087,3.9,0.65,4.55,2.5465999999999998,17.2899
1088,4.2,0.65,4.55,1.7812999999999999,15.676799999999998
1089,4.4,0.65,4.55,1.8461999999999998,10.2447
1090,4.7,0.65,4.55,1.9565,9.4541
1091,4.6,0.65,4.55,1.9993,18.8664
1092,3.6,0.65,4.55,2.5566999999999998,24.811
1093,2.9,0.65,4.55,2.4920999999999998,20.3642
1094,4.2,0.65,4.55,2.1084,10.5396
1095,5.0,0.65,4.55,1.8572000000000002,10.1253
1096,4.0,0.65,4.55,2.9281,14.4757
1097,4.2,0.65,4.55,1.5598,11.5776
1098,4.3,0.65,4.55,2.3895,4.7433000000000005
1099,3.8,0.65,4.55,2.2879,17.464
1100,3.9,0.65,4.55,1.4206,18.3754
1101,4.6,0.6,4.35,1.8873999999999997,14.7093
1102,3.8,0.6,4.35,1.0629,8.6178
1103,4.5,0.6,4.35,1.2510000000000001,8.0708
1104,3.7,0.6,4.35,2.2681,10.3364
1105,4.0,0.6,4.35,2.6771,10.2044
1106,3.4,0.6,4.35,1.636,10.1644
1107,3.4,0.6,4.35,1.6708,12.2507
1108,3.3,0.6,4.35,2.0627,15.8564
1109,3.4,0.6,4.35,2.1475999999999997,16.2331
1110,4.0,0.6,4.35,1.6,14.2241
1111,3.4,0.6,4.35,2.0157000000000003,13.760200000000001
1112,2.8,0.6,4.35,1.5876000000000001,22.6211
1113,3.6,0.6,4.35,2.0499,24.3926
1114,4.8,0.6,4.35,2.0718,20.6687
1115,4.4,0.6,4.35,1.5606,10.8426
1116,3.6,0.6,4.35,1.3071,12.654000000000002
1117,5.6,0.6,4.35,1.7742999999999998,15.974499999999999
1118,3.9,0.6,4.35,1.543,16.907
1119,4.9,0.6,4.35,1.9163,12.3767
1120,3.5,0.6,4.35,1.0284,7.2462
1121,3.2,0.6,4.35,1.6532000000000002,8.1066
1122,4.7,0.6,4.35,1.0381,6.8572999999999995
1123,4.4,0.6,4.35,1.5476999999999999,15.6053
1124,3.7,0.6,4.35,1.4544,15.8653
1125,4.7,0.6,4.35,1.3788,8.2636
1126,5.4,0.6,4.35,1.9577,7.949599999999999
1127,3.5,0.6,4.35,1.2038,11.6903
1128,5.0,0.6,4.35,2.0743,15.4165
1129,5.1,0.6,4.35,3.2096,17.0749
1130,5.4,0.6,4.35,2.9112,12.798499999999999
1131,4.0,0.62,4.55,3.0512,4.7915
1132,4.9,0.62,4.55,2.7338999999999998,4.6655
1133,4.0,0.62,4.55,1.1674,4.9244
1134,3.1,0.62,4.55,1.3979,8.1161
1135,3.9,0.62,4.55,2.011,8.3099
1136,4.8,0.62,4.55,1.8084,20.1991
1137,4.4,0.62,4.55,0.9201000000000001,19.6367
1138,3.9,0.62,4.55,1.8089000000000002,12.4397
1139,3.7,0.62,4.55,1.2295,7.846400000000001
1140,3.0,0.62,4.55,1.3801,6.268999999999999
1141,5.7,0.62,4.55,1.3946,12.637300000000002
1142,3.2,0.62,4.55,1.2876,13.3104
1143,3.8,0.62,4.55,1.1926,7.2208
1144,4.8,0.62,4.55,1.075,6.5645
1145,3.7,0.62,4.55,1.0894,8.7842
1146,3.2,0.62,4.55,1.5045,15.745400000000002
1147,3.5,0.62,4.55,1.3247,15.4809
1148,3.3,0.62,4.55,2.3082,14.7059
1149,3.8,0.62,4.55,1.3383,9.799299999999999
1150,4.0,0.62,4.55,1.8215,6.347300000000001
1151,4.2,0.62,4.55,1.6125,9.8552
1152,4.9,0.62,4.55,1.0741,14.471300000000001
1153,2.9,0.62,4.55,1.2252,13.842699999999999
1154,4.0,0.62,4.55,1.3348,11.0701
1155,5.1,0.62,4.55,1.242,6.132499999999999
1156,5.0,0.62,4.55,1.4208,9.5715
1157,4.7,0.62,4.55,1.0984,10.0799
1158,5.2,0.62,4.55,1.4218,15.926599999999999
1159,5.5,0.62,4.55,0.9743999999999999,17.5668
1160,4.2,0.62,4.55,2.3111,19.548099999999998
1161,4.7,0.59,4.55,1.5352,14.710400000000002
1162,3.8,0.59,4.55,1.0228,9.747599999999998
1163,4.3,0.59,4.55,1.4464,12.3376
1164,4.2,0.59,4.55,1.4968000000000001,14.4674
1165,3.8,0.59,4.55,1.1128,10.2443
1166,4.7,0.59,4.55,1.0116,9.3977
1167,4.5,0.59,4.55,1.7286,6.406499999999999
1168,5.2,0.59,4.55,1.4558,10.6051
1169,4.1,0.59,4.55,0.8111999999999999,10.1689
1170,3.3,0.59,4.55,1.1111,9.245000000000001
1171,3.7,0.59,4.55,1.0479,12.334299999999999
1172,3.4,0.59,4.55,0.8562000000000001,11.88
1173,3.7,0.59,4.55,1.8636,15.493599999999999
1174,4.2,0.59,4.55,1.2721,14.64
1175,3.1,0.59,4.55,1.5974,11.842600000000001
1176,4.1,0.59,4.55,1.2379,17.557000000000002
1177,4.0,0.59,4.55,0.9701,15.684600000000001
1178,4.0,0.59,4.55,1.538,10.4381
1179,3.8,0.59,4.55,1.7146000000000001,13.9628
1180,5.0,0.59,4.55,1.1719,7.8616
1181,3.7,0.59,4.55,1.1296,7.714600000000001
1182,5.0,0.59,4.55,1.2347000000000001,6.7056000000000004
1183,4.2,0.59,4.55,0.9945,5.2947
1184,4.0,0.59,4.55,0.8845000000000001,4.4243999999999994
1185,4.2,0.59,4.55,1.6643999999999999,4.4075999999999995
1186,4.6,0.59,4.55,1.2479,11.3703
1187,3.5,0.59,4.55,1.2202,16.8413
1188,3.9,0.59,4.55,1.2636,18.342200000000002
1189,3.6,0.59,4.55,0.8817,10.8073
1190,3.1,0.59,4.55,0.736,12.5327
1191,4.5,0.58,4.35,0.8599000000000001,14.8036
1192,3.8,0.58,4.35,1.3758,11.690399999999999
1193,4.0,0.58,4.35,1.2443,12.1046
1194,3.0,0.58,4.35,0.9655,11.0282
1195,3.5,0.58,4.35,1.3435000000000001,13.905899999999999
1196,2.6,0.58,4.35,1.5405,13.9985
1197,4.0,0.58,4.35,1.5197,10.3497
1198,4.4,0.58,4.35,0.9102000000000001,14.1365
1199,3.3,0.58,4.35,0.9166000000000001,23.3719
1200,4.8,0.58,4.35,0.8798999999999999,22.9279
1201,4.5,0.58,4.35,0.9733,14.9984
1202,3.6,0.58,4.35,0.6434,11.2983
1203,4.7,0.58,4.35,0.9057000000000001,7.9587
1204,4.3,0.58,4.35,0.9334,7.1033
1205,4.3,0.58,4.35,1.3416000000000001,6.316199999999999
1206,3.7,0.58,4.35,1.0872,7.184200000000001
1207,3.6,0.58,4.35,0.7596999999999999,5.3779
1208,4.1,0.58,4.35,0.6973,6.8612
1209,3.1,0.58,4.35,1.2863,6.5383
1210,2.7,0.58,4.35,1.5094,7.2312
1211,3.6,0.58,4.35,1.8655000000000002,7.1934
1212,3.3,0.58,4.35,0.8701000000000001,12.4554
1213,4.5,0.58,4.35,0.997,16.8726
1214,4.3,0.58,4.35,0.7678,21.9089
1215,3.9,0.58,4.35,1.1256,27.9089
1216,3.2,0.58,4.35,1.1447,20.9205
1217,2.1,0.58,4.35,0.7541,22.0078
1218,4.3,0.58,4.35,1.2014,20.8575
1219,3.6,0.58,4.35,1.2648,11.005700000000001
1220,3.7,0.58,4.35,0.992,11.250200000000001
1221,4.2,0.54,4.35,0.8921,9.281699999999999
1222,3.6,0.54,4.35,1.0391,13.7276
1223,3.5,0.54,4.35,0.651,13.067400000000001
1224,3.0,0.54,4.35,1.0151999999999999,7.911
1225,3.7,0.54,4.35,3.7516000000000003,10.6762
1226,3.4,0.54,4.35,1.8576,15.5682
1227,4.8,0.54,4.35,3.0199,12.4953
1228,3.3,0.54,4.35,2.4962999999999997,12.4321
1229,3.7,0.54,4.35,2.825,11.0082
1230,3.6,0.54,4.35,2.9406000000000003,14.4014
1231,4.0,0.54,4.35,1.3385,12.673300000000001
1232,4.5,0.54,4.35,2.5891,7.9405
1233,3.5,0.54,4.35,8.0069,10.4529
1234,4.1,0.54,4.35,4.35,8.0755
1235,4.7,0.54,4.35,6.447700000000001,7.5474
1236,4.1,0.54,4.35,2.8813,8.4496
1237,4.5,0.54,4.35,3.6818999999999997,7.4312000000000005
1238,4.0,0.54,4.35,3.6683,6.1851
1239,4.7,0.54,4.35,3.6184000000000003,3.6445
1240,4.5,0.54,4.35,5.0252,5.1564
1241,5.3,0.54,4.35,2.8991,5.1129
1242,5.2,0.54,4.35,3.2296,6.1596
1243,4.6,0.54,4.35,1.2775,4.9432
1244,3.0,0.44,3.23,2.1569000000000003,3.7651999999999997
1245,4.4,0.44,3.23,1.8362,2.4914
1246,4.9,0.44,3.23,1.4200000000000002,5.484
1247,4.3,0.44,3.23,1.1627,5.1236
1248,5.3,0.44,3.23,1.5367,4.7064
1249,6.1,0.44,3.23,2.5562,3.2195
1250,5.1,0.44,3.23,1.4505000000000001,2.4145
1251,4.4,0.43,5.88,2.0898,3.2007
1252,4.1,0.43,5.88,0.9227000000000001,3.6054000000000004
1253,3.9,0.43,5.88,2.7128,4.5393
1254,5.0,0.43,5.88,1.4721,5.5469
1255,4.1,0.43,5.88,1.3372,2.5578
1256,5.1,0.43,5.88,1.5218,3.6075999999999997
1257,4.4,0.43,5.88,1.6025,3.4513000000000003
1258,5.1,0.43,5.88,0.7854,2.0725000000000002
1259,3.6,0.43,5.88,1.1242,2.862
1260,4.8,0.43,5.88,1.2478,3.0088
1261,3.0,0.43,5.88,1.4318000000000002,3.4307999999999996
1262,4.3,0.43,5.88,1.2589,2.6914000000000002
1263,4.9,0.43,5.88,2.122,3.8415999999999997
1264,3.9,0.43,5.88,2.9544,3.216
1265,4.0,0.43,5.88,3.4401,2.6866999999999996
1266,4.4,0.43,5.88,3.2453000000000003,3.193
1267,3.7,0.43,5.88,4.7862,2.7819
1268,4.1,0.43,5.88,2.1788,5.340199999999999
1269,3.7,0.43,5.88,3.7424,4.6835
1270,4.8,0.43,5.88,1.4381,4.7923
1271,3.9,0.43,5.88,1.6619,4.5329
